{
  "type": [{
    "typeId": "jsinterop.base.Any.$Overlay",
    "member": [{
      "name": "m_asPropertyMap__jsinterop_base_Any",
      "public": true,
      "static": true,
      "invokedMethods": [{
        "method": "$clinit",
        "enclosingType": "jsinterop.base.Any.$Overlay",
        "kind": "STATIC"
      }, {
        "method": "m_asPropertyMap__java_lang_Object",
        "enclosingType": "jsinterop.base.Js",
        "kind": "STATIC"
      }],
      "referencedTypes": ["jsinterop.base.Any.$Overlay", "jsinterop.base.Js"],
      "startPosition": {
        "line": 19,
        "column": 2
      },
      "endPosition": {
        "line": 29,
        "column": 2
      }
    }, {
      "name": "m_asArrayLike__jsinterop_base_Any",
      "public": true,
      "static": true,
      "invokedMethods": [{
        "method": "$clinit",
        "enclosingType": "jsinterop.base.Any.$Overlay",
        "kind": "STATIC"
      }, {
        "method": "m_asArrayLike__java_lang_Object",
        "enclosingType": "jsinterop.base.Js",
        "kind": "STATIC"
      }],
      "referencedTypes": ["jsinterop.base.Any.$Overlay", "jsinterop.base.Js"],
      "startPosition": {
        "line": 29,
        "column": 2
      },
      "endPosition": {
        "line": 39,
        "column": 2
      }
    }, {
      "name": "m_asArray__jsinterop_base_Any",
      "public": true,
      "static": true,
      "invokedMethods": [{
        "method": "$clinit",
        "enclosingType": "jsinterop.base.Any.$Overlay",
        "kind": "STATIC"
      }, {
        "method": "m_asArray__java_lang_Object",
        "enclosingType": "jsinterop.base.Js",
        "kind": "STATIC"
      }],
      "referencedTypes": ["jsinterop.base.Any.$Overlay", "jsinterop.base.Js"],
      "startPosition": {
        "line": 39,
        "column": 2
      },
      "endPosition": {
        "line": 49,
        "column": 2
      }
    }, {
      "name": "m_asString__jsinterop_base_Any",
      "public": true,
      "static": true,
      "invokedMethods": [{
        "method": "$clinit",
        "enclosingType": "jsinterop.base.Any.$Overlay",
        "kind": "STATIC"
      }, {
        "method": "m_asString__java_lang_Object",
        "enclosingType": "jsinterop.base.Js",
        "kind": "STATIC"
      }],
      "referencedTypes": ["jsinterop.base.Any.$Overlay", "jsinterop.base.Js"],
      "startPosition": {
        "line": 49,
        "column": 2
      },
      "endPosition": {
        "line": 59,
        "column": 2
      }
    }, {
      "name": "m_asBoolean__jsinterop_base_Any",
      "public": true,
      "static": true,
      "invokedMethods": [{
        "method": "$clinit",
        "enclosingType": "jsinterop.base.Any.$Overlay",
        "kind": "STATIC"
      }, {
        "method": "m_asBoolean__java_lang_Object",
        "enclosingType": "jsinterop.base.Js",
        "kind": "STATIC"
      }],
      "referencedTypes": ["jsinterop.base.Any.$Overlay", "jsinterop.base.Js"],
      "startPosition": {
        "line": 59,
        "column": 2
      },
      "endPosition": {
        "line": 69,
        "column": 2
      }
    }, {
      "name": "m_asDouble__jsinterop_base_Any",
      "public": true,
      "static": true,
      "invokedMethods": [{
        "method": "$clinit",
        "enclosingType": "jsinterop.base.Any.$Overlay",
        "kind": "STATIC"
      }, {
        "method": "m_asDouble__java_lang_Object",
        "enclosingType": "jsinterop.base.Js",
        "kind": "STATIC"
      }],
      "referencedTypes": ["jsinterop.base.Any.$Overlay", "jsinterop.base.Js"],
      "startPosition": {
        "line": 69,
        "column": 2
      },
      "endPosition": {
        "line": 79,
        "column": 2
      }
    }, {
      "name": "m_asFloat__jsinterop_base_Any",
      "public": true,
      "static": true,
      "invokedMethods": [{
        "method": "$clinit",
        "enclosingType": "jsinterop.base.Any.$Overlay",
        "kind": "STATIC"
      }, {
        "method": "m_asFloat__java_lang_Object",
        "enclosingType": "jsinterop.base.Js",
        "kind": "STATIC"
      }],
      "referencedTypes": ["jsinterop.base.Any.$Overlay", "jsinterop.base.Js"],
      "startPosition": {
        "line": 79,
        "column": 2
      },
      "endPosition": {
        "line": 89,
        "column": 2
      }
    }, {
      "name": "m_asLong__jsinterop_base_Any",
      "public": true,
      "static": true,
      "invokedMethods": [{
        "method": "$clinit",
        "enclosingType": "jsinterop.base.Any.$Overlay",
        "kind": "STATIC"
      }, {
        "method": "m_asLong__java_lang_Object",
        "enclosingType": "jsinterop.base.Js",
        "kind": "STATIC"
      }],
      "referencedTypes": ["jsinterop.base.Any.$Overlay", "jsinterop.base.Js"],
      "startPosition": {
        "line": 89,
        "column": 2
      },
      "endPosition": {
        "line": 99,
        "column": 2
      }
    }, {
      "name": "m_asInt__jsinterop_base_Any",
      "public": true,
      "static": true,
      "invokedMethods": [{
        "method": "$clinit",
        "enclosingType": "jsinterop.base.Any.$Overlay",
        "kind": "STATIC"
      }, {
        "method": "m_asInt__java_lang_Object",
        "enclosingType": "jsinterop.base.Js",
        "kind": "STATIC"
      }],
      "referencedTypes": ["jsinterop.base.Any.$Overlay", "jsinterop.base.Js"],
      "startPosition": {
        "line": 99,
        "column": 2
      },
      "endPosition": {
        "line": 109,
        "column": 2
      }
    }, {
      "name": "m_asShort__jsinterop_base_Any",
      "public": true,
      "static": true,
      "invokedMethods": [{
        "method": "$clinit",
        "enclosingType": "jsinterop.base.Any.$Overlay",
        "kind": "STATIC"
      }, {
        "method": "m_asShort__java_lang_Object",
        "enclosingType": "jsinterop.base.Js",
        "kind": "STATIC"
      }],
      "referencedTypes": ["jsinterop.base.Any.$Overlay", "jsinterop.base.Js"],
      "startPosition": {
        "line": 109,
        "column": 2
      },
      "endPosition": {
        "line": 119,
        "column": 2
      }
    }, {
      "name": "m_asChar__jsinterop_base_Any",
      "public": true,
      "static": true,
      "invokedMethods": [{
        "method": "$clinit",
        "enclosingType": "jsinterop.base.Any.$Overlay",
        "kind": "STATIC"
      }, {
        "method": "m_asChar__java_lang_Object",
        "enclosingType": "jsinterop.base.Js",
        "kind": "STATIC"
      }],
      "referencedTypes": ["jsinterop.base.Any.$Overlay", "jsinterop.base.Js"],
      "startPosition": {
        "line": 119,
        "column": 2
      },
      "endPosition": {
        "line": 129,
        "column": 2
      }
    }, {
      "name": "m_asByte__jsinterop_base_Any",
      "public": true,
      "static": true,
      "invokedMethods": [{
        "method": "$clinit",
        "enclosingType": "jsinterop.base.Any.$Overlay",
        "kind": "STATIC"
      }, {
        "method": "m_asByte__java_lang_Object",
        "enclosingType": "jsinterop.base.Js",
        "kind": "STATIC"
      }],
      "referencedTypes": ["jsinterop.base.Any.$Overlay", "jsinterop.base.Js"],
      "startPosition": {
        "line": 129,
        "column": 2
      },
      "endPosition": {
        "line": 139,
        "column": 2
      }
    }, {
      "name": "m_cast__jsinterop_base_Any",
      "public": true,
      "static": true,
      "invokedMethods": [{
        "method": "$clinit",
        "enclosingType": "jsinterop.base.Any.$Overlay",
        "kind": "STATIC"
      }, {
        "method": "$to",
        "enclosingType": "vmbootstrap.Casts",
        "kind": "STATIC"
      }],
      "referencedTypes": ["jsinterop.base.Any.$Overlay", "vmbootstrap.Casts", "java.lang.Object"],
      "startPosition": {
        "line": 139,
        "column": 2
      },
      "endPosition": {
        "line": 150,
        "column": 2
      }
    }, {
      "name": "m_uncheckedCast__jsinterop_base_Any",
      "public": true,
      "static": true,
      "invokedMethods": [{
        "method": "$clinit",
        "enclosingType": "jsinterop.base.Any.$Overlay",
        "kind": "STATIC"
      }, {
        "method": "$to",
        "enclosingType": "vmbootstrap.Casts",
        "kind": "STATIC"
      }],
      "referencedTypes": ["jsinterop.base.Any.$Overlay", "vmbootstrap.Casts", "java.lang.Object"],
      "startPosition": {
        "line": 150,
        "column": 2
      },
      "endPosition": {
        "line": 161,
        "column": 2
      }
    }, {
      "name": "$clinit",
      "public": true,
      "static": true,
      "invokedMethods": [{
        "method": "$clinit",
        "enclosingType": "jsinterop.base.Any.$Overlay",
        "kind": "STATIC"
      }, {
        "method": "$loadModules",
        "enclosingType": "jsinterop.base.Any.$Overlay",
        "kind": "STATIC"
      }],
      "referencedTypes": ["jsinterop.base.Any.$Overlay"],
      "startPosition": {
        "line": 161,
        "column": 2
      },
      "endPosition": {
        "line": 171,
        "column": 2
      }
    }],
    "headerSourceFilePath": "jsinterop/base/Any$$Overlay.java.js",
    "implSourceFilePath": "jsinterop/base/Any$$Overlay.impl.java.js"
  }, {
    "typeId": "jsinterop.base.InternalJsUtil",
    "extendsType": "java.lang.Object",
    "member": [{
      "name": "constructor",
      "public": true,
      "invokedMethods": [{
        "method": "constructor",
        "enclosingType": "java.lang.Object",
        "kind": "STATIC"
      }],
      "referencedTypes": ["java.lang.Object"],
      "startPosition": {
        "line": 20,
        "column": 2
      },
      "endPosition": {
        "line": 27,
        "column": 2
      }
    }, {
      "name": "emptyObjectLiteral",
      "public": true,
      "static": true,
      "jsAccessible": true,
      "invokedMethods": [{
        "method": "$clinit",
        "enclosingType": "jsinterop.base.InternalJsUtil",
        "kind": "STATIC"
      }],
      "startPosition": {
        "line": 27,
        "column": 2
      },
      "endPosition": {
        "line": 33,
        "column": 2
      }
    }, {
      "name": "getObjectByName",
      "public": true,
      "static": true,
      "jsAccessible": true,
      "invokedMethods": [{
        "method": "$clinit",
        "enclosingType": "jsinterop.base.InternalJsUtil",
        "kind": "STATIC"
      }]
    }, {
      "name": "getIndexed",
      "public": true,
      "static": true,
      "jsAccessible": true,
      "invokedMethods": [{
        "method": "$clinit",
        "enclosingType": "jsinterop.base.InternalJsUtil",
        "kind": "STATIC"
      }],
      "startPosition": {
        "line": 66,
        "column": 2
      },
      "endPosition": {
        "line": 74,
        "column": 2
      }
    }, {
      "name": "hasIndexed",
      "public": true,
      "static": true,
      "jsAccessible": true,
      "invokedMethods": [{
        "method": "$clinit",
        "enclosingType": "jsinterop.base.InternalJsUtil",
        "kind": "STATIC"
      }],
      "startPosition": {
        "line": 74,
        "column": 2
      },
      "endPosition": {
        "line": 82,
        "column": 2
      }
    }, {
      "name": "deleteIndexed",
      "public": true,
      "static": true,
      "jsAccessible": true,
      "invokedMethods": [{
        "method": "$clinit",
        "enclosingType": "jsinterop.base.InternalJsUtil",
        "kind": "STATIC"
      }],
      "startPosition": {
        "line": 82,
        "column": 2
      },
      "endPosition": {
        "line": 90,
        "column": 2
      }
    }, {
      "name": "setIndexed",
      "public": true,
      "static": true,
      "jsAccessible": true,
      "invokedMethods": [{
        "method": "$clinit",
        "enclosingType": "jsinterop.base.InternalJsUtil",
        "kind": "STATIC"
      }],
      "startPosition": {
        "line": 90,
        "column": 2
      },
      "endPosition": {
        "line": 99,
        "column": 2
      }
    }, {
      "name": "forEach",
      "public": true,
      "static": true,
      "jsAccessible": true,
      "invokedMethods": [{
        "method": "$clinit",
        "enclosingType": "jsinterop.base.InternalJsUtil",
        "kind": "STATIC"
      }],
      "startPosition": {
        "line": 99,
        "column": 2
      },
      "endPosition": {
        "line": 107,
        "column": 2
      }
    }, {
      "name": "castToAny",
      "public": true,
      "static": true,
      "jsAccessible": true,
      "invokedMethods": [{
        "method": "$clinit",
        "enclosingType": "jsinterop.base.InternalJsUtil",
        "kind": "STATIC"
      }],
      "startPosition": {
        "line": 149,
        "column": 2
      },
      "endPosition": {
        "line": 156,
        "column": 2
      }
    }, {
      "name": "isLong",
      "public": true,
      "static": true,
      "jsAccessible": true,
      "invokedMethods": [{
        "method": "$clinit",
        "enclosingType": "jsinterop.base.InternalJsUtil",
        "kind": "STATIC"
      }],
      "startPosition": {
        "line": 156,
        "column": 2
      },
      "endPosition": {
        "line": 163,
        "column": 2
      }
    }, {
      "name": "isInt",
      "public": true,
      "static": true,
      "jsAccessible": true,
      "invokedMethods": [{
        "method": "$clinit",
        "enclosingType": "jsinterop.base.InternalJsUtil",
        "kind": "STATIC"
      }],
      "startPosition": {
        "line": 163,
        "column": 2
      },
      "endPosition": {
        "line": 170,
        "column": 2
      }
    }, {
      "name": "hasLength",
      "public": true,
      "static": true,
      "jsAccessible": true,
      "invokedMethods": [{
        "method": "$clinit",
        "enclosingType": "jsinterop.base.InternalJsUtil",
        "kind": "STATIC"
      }],
      "startPosition": {
        "line": 170,
        "column": 2
      },
      "endPosition": {
        "line": 177,
        "column": 2
      }
    }, {
      "name": "getLength",
      "public": true,
      "static": true,
      "jsAccessible": true,
      "invokedMethods": [{
        "method": "$clinit",
        "enclosingType": "jsinterop.base.InternalJsUtil",
        "kind": "STATIC"
      }],
      "startPosition": {
        "line": 177,
        "column": 2
      },
      "endPosition": {
        "line": 184,
        "column": 2
      }
    }, {
      "name": "setLength",
      "public": true,
      "static": true,
      "jsAccessible": true,
      "invokedMethods": [{
        "method": "$clinit",
        "enclosingType": "jsinterop.base.InternalJsUtil",
        "kind": "STATIC"
      }],
      "startPosition": {
        "line": 184,
        "column": 2
      },
      "endPosition": {
        "line": 192,
        "column": 2
      }
    }, {
      "name": "toCtor",
      "public": true,
      "static": true,
      "jsAccessible": true,
      "invokedMethods": [{
        "method": "$clinit",
        "enclosingType": "jsinterop.base.InternalJsUtil",
        "kind": "STATIC"
      }],
      "startPosition": {
        "line": 192,
        "column": 2
      },
      "endPosition": {
        "line": 200,
        "column": 2
      }
    }, {
      "name": "$get",
      "public": true,
      "static": true,
      "jsAccessible": true,
      "invokedMethods": [{
        "method": "$clinit",
        "enclosingType": "jsinterop.base.InternalJsUtil",
        "kind": "STATIC"
      }]
    }, {
      "name": "Reflect.construct",
      "public": true,
      "static": true,
      "jsAccessible": true,
      "invokedMethods": [{
        "method": "$clinit",
        "enclosingType": "jsinterop.base.InternalJsUtil",
        "kind": "STATIC"
      }]
    }, {
      "name": "$create__",
      "public": true,
      "static": true,
      "invokedMethods": [{
        "method": "$clinit",
        "enclosingType": "jsinterop.base.InternalJsUtil",
        "kind": "STATIC"
      }, {
        "method": "constructor",
        "enclosingType": "jsinterop.base.InternalJsUtil",
        "kind": "INSTANTIATION"
      }, {
        "method": "$ctor__jsinterop_base_InternalJsUtil__",
        "enclosingType": "jsinterop.base.InternalJsUtil"
      }],
      "referencedTypes": ["jsinterop.base.InternalJsUtil"],
      "startPosition": {
        "line": 200,
        "column": 2
      },
      "endPosition": {
        "line": 211,
        "column": 2
      }
    }, {
      "name": "$ctor__jsinterop_base_InternalJsUtil__",
      "public": true,
      "invokedMethods": [{
        "method": "$ctor__java_lang_Object__",
        "enclosingType": "java.lang.Object"
      }],
      "startPosition": {
        "line": 211,
        "column": 2
      },
      "endPosition": {
        "line": 219,
        "column": 2
      }
    }, {
      "name": "$clinit",
      "public": true,
      "static": true,
      "invokedMethods": [{
        "method": "$clinit",
        "enclosingType": "jsinterop.base.InternalJsUtil",
        "kind": "STATIC"
      }, {
        "method": "$loadModules",
        "enclosingType": "jsinterop.base.InternalJsUtil",
        "kind": "STATIC"
      }, {
        "method": "$clinit",
        "enclosingType": "java.lang.Object",
        "kind": "STATIC"
      }],
      "referencedTypes": ["jsinterop.base.InternalJsUtil", "java.lang.Object"],
      "startPosition": {
        "line": 219,
        "column": 2
      },
      "endPosition": {
        "line": 230,
        "column": 2
      }
    }],
    "headerSourceFilePath": "jsinterop/base/InternalJsUtil.java.js",
    "implSourceFilePath": "jsinterop/base/InternalJsUtil.impl.java.js"
  }, {
    "typeId": "jsinterop.base.InternalPreconditions",
    "extendsType": "java.lang.Object",
    "member": [{
      "name": "constructor",
      "public": true,
      "invokedMethods": [{
        "method": "constructor",
        "enclosingType": "java.lang.Object",
        "kind": "STATIC"
      }],
      "referencedTypes": ["java.lang.Object"],
      "startPosition": {
        "line": 19,
        "column": 2
      },
      "endPosition": {
        "line": 26,
        "column": 2
      }
    }, {
      "name": "m_checkType__boolean",
      "public": true,
      "static": true,
      "invokedMethods": [{
        "method": "$clinit",
        "enclosingType": "jsinterop.base.InternalPreconditions",
        "kind": "STATIC"
      }, {
        "method": "$f_IS_TYPE_CHECKED__jsinterop_base_InternalPreconditions_",
        "enclosingType": "jsinterop.base.InternalPreconditions",
        "kind": "STATIC"
      }, {
        "method": "m_checkCriticalType__boolean",
        "enclosingType": "jsinterop.base.InternalPreconditions",
        "kind": "STATIC"
      }, {
        "method": "$f_IS_ASSERTED__jsinterop_base_InternalPreconditions_",
        "enclosingType": "jsinterop.base.InternalPreconditions",
        "kind": "STATIC"
      }, {
        "method": "toJava",
        "enclosingType": "vmbootstrap.Exceptions",
        "kind": "STATIC"
      }, {
        "method": "$isInstance",
        "enclosingType": "java.lang.Exception",
        "kind": "STATIC"
      }, {
        "method": "$create__java_lang_Object",
        "enclosingType": "java.lang.AssertionError",
        "kind": "STATIC"
      }, {
        "method": "toJs",
        "enclosingType": "vmbootstrap.Exceptions",
        "kind": "STATIC"
      }],
      "referencedTypes": ["jsinterop.base.InternalPreconditions", "vmbootstrap.Exceptions", "java.lang.Exception", "java.lang.AssertionError"],
      "startPosition": {
        "line": 26,
        "column": 2
      },
      "endPosition": {
        "line": 50,
        "column": 2
      }
    }, {
      "name": "m_checkCriticalType__boolean",
      "public": true,
      "static": true,
      "invokedMethods": [{
        "method": "$clinit",
        "enclosingType": "jsinterop.base.InternalPreconditions",
        "kind": "STATIC"
      }, {
        "method": "$create__",
        "enclosingType": "java.lang.ClassCastException",
        "kind": "STATIC"
      }, {
        "method": "toJs",
        "enclosingType": "vmbootstrap.Exceptions",
        "kind": "STATIC"
      }],
      "referencedTypes": ["jsinterop.base.InternalPreconditions", "vmbootstrap.Exceptions", "java.lang.ClassCastException"],
      "startPosition": {
        "line": 50,
        "column": 2
      },
      "endPosition": {
        "line": 62,
        "column": 2
      }
    }, {
      "name": "$create__",
      "public": true,
      "static": true,
      "invokedMethods": [{
        "method": "$clinit",
        "enclosingType": "jsinterop.base.InternalPreconditions",
        "kind": "STATIC"
      }, {
        "method": "constructor",
        "enclosingType": "jsinterop.base.InternalPreconditions",
        "kind": "INSTANTIATION"
      }, {
        "method": "$ctor__jsinterop_base_InternalPreconditions__",
        "enclosingType": "jsinterop.base.InternalPreconditions"
      }],
      "referencedTypes": ["jsinterop.base.InternalPreconditions"],
      "startPosition": {
        "line": 62,
        "column": 2
      },
      "endPosition": {
        "line": 73,
        "column": 2
      }
    }, {
      "name": "$ctor__jsinterop_base_InternalPreconditions__",
      "public": true,
      "invokedMethods": [{
        "method": "$ctor__java_lang_Object__",
        "enclosingType": "java.lang.Object"
      }],
      "startPosition": {
        "line": 73,
        "column": 2
      },
      "endPosition": {
        "line": 81,
        "column": 2
      }
    }, {
      "name": "$f_IS_TYPE_CHECKED__jsinterop_base_InternalPreconditions_",
      "static": true,
      "startPosition": {
        "line": 163
      },
      "endPosition": {
        "line": 167
      }
    }, {
      "name": "$f_IS_ASSERTED__jsinterop_base_InternalPreconditions_",
      "static": true,
      "startPosition": {
        "line": 167
      },
      "endPosition": {
        "line": 171
      }
    }, {
      "name": "f_IS_TYPE_CHECKED__jsinterop_base_InternalPreconditions_",
      "static": true,
      "invokedMethods": [{
        "method": "$clinit",
        "enclosingType": "jsinterop.base.InternalPreconditions",
        "kind": "STATIC"
      }, {
        "method": "$f_IS_TYPE_CHECKED__jsinterop_base_InternalPreconditions_",
        "enclosingType": "jsinterop.base.InternalPreconditions",
        "kind": "STATIC"
      }],
      "referencedTypes": ["jsinterop.base.InternalPreconditions"],
      "startPosition": {
        "line": 89,
        "column": 2
      },
      "endPosition": {
        "line": 98,
        "column": 2
      }
    }, {
      "name": "f_IS_ASSERTED__jsinterop_base_InternalPreconditions_",
      "static": true,
      "invokedMethods": [{
        "method": "$clinit",
        "enclosingType": "jsinterop.base.InternalPreconditions",
        "kind": "STATIC"
      }, {
        "method": "$f_IS_ASSERTED__jsinterop_base_InternalPreconditions_",
        "enclosingType": "jsinterop.base.InternalPreconditions",
        "kind": "STATIC"
      }],
      "referencedTypes": ["jsinterop.base.InternalPreconditions"],
      "startPosition": {
        "line": 106,
        "column": 2
      },
      "endPosition": {
        "line": 115,
        "column": 2
      }
    }, {
      "name": "$clinit",
      "public": true,
      "static": true,
      "invokedMethods": [{
        "method": "$clinit",
        "enclosingType": "jsinterop.base.InternalPreconditions",
        "kind": "STATIC"
      }, {
        "method": "$loadModules",
        "enclosingType": "jsinterop.base.InternalPreconditions",
        "kind": "STATIC"
      }, {
        "method": "$clinit",
        "enclosingType": "java.lang.Object",
        "kind": "STATIC"
      }, {
        "method": "$f_IS_TYPE_CHECKED__jsinterop_base_InternalPreconditions_",
        "enclosingType": "jsinterop.base.InternalPreconditions",
        "kind": "STATIC"
      }, {
        "method": "$getDefine",
        "enclosingType": "nativebootstrap.Util",
        "kind": "STATIC"
      }, {
        "method": "m_equals__java_lang_String__java_lang_Object",
        "enclosingType": "java.lang.String",
        "kind": "STATIC"
      }, {
        "method": "$f_IS_ASSERTED__jsinterop_base_InternalPreconditions_",
        "enclosingType": "jsinterop.base.InternalPreconditions",
        "kind": "STATIC"
      }],
      "referencedTypes": ["jsinterop.base.InternalPreconditions", "java.lang.Object", "java.lang.String", "nativebootstrap.Util"],
      "startPosition": {
        "line": 115,
        "column": 2
      },
      "endPosition": {
        "line": 128,
        "column": 2
      }
    }],
    "headerSourceFilePath": "jsinterop/base/InternalPreconditions.java.js",
    "implSourceFilePath": "jsinterop/base/InternalPreconditions.impl.java.js"
  }, {
    "typeId": "jsinterop.base.Js",
    "extendsType": "java.lang.Object",
    "member": [{
      "name": "constructor",
      "public": true,
      "invokedMethods": [{
        "method": "constructor",
        "enclosingType": "java.lang.Object",
        "kind": "STATIC"
      }],
      "referencedTypes": ["java.lang.Object"],
      "startPosition": {
        "line": 26,
        "column": 2
      },
      "endPosition": {
        "line": 33,
        "column": 2
      }
    }, {
      "name": "undefined",
      "public": true,
      "static": true,
      "jsAccessible": true,
      "invokedMethods": [{
        "method": "$clinit",
        "enclosingType": "jsinterop.base.Js",
        "kind": "STATIC"
      }]
    }, {
      "name": "arguments",
      "public": true,
      "static": true,
      "jsAccessible": true,
      "invokedMethods": [{
        "method": "$clinit",
        "enclosingType": "jsinterop.base.Js",
        "kind": "STATIC"
      }]
    }, {
      "name": "debugger",
      "public": true,
      "static": true,
      "jsAccessible": true,
      "invokedMethods": [{
        "method": "$clinit",
        "enclosingType": "jsinterop.base.Js",
        "kind": "STATIC"
      }]
    }, {
      "name": "typeof",
      "public": true,
      "static": true,
      "jsAccessible": true,
      "invokedMethods": [{
        "method": "$clinit",
        "enclosingType": "jsinterop.base.Js",
        "kind": "STATIC"
      }]
    }, {
      "name": "global",
      "public": true,
      "static": true,
      "jsAccessible": true,
      "invokedMethods": [{
        "method": "$clinit",
        "enclosingType": "jsinterop.base.Js",
        "kind": "STATIC"
      }]
    }, {
      "name": "m_asConstructorFn__java_lang_Class",
      "public": true,
      "static": true,
      "invokedMethods": [{
        "method": "$clinit",
        "enclosingType": "jsinterop.base.Js",
        "kind": "STATIC"
      }, {
        "method": "toCtor",
        "enclosingType": "jsinterop.base.InternalJsUtil",
        "kind": "STATIC"
      }, {
        "method": "$same",
        "enclosingType": "nativebootstrap.Equality",
        "kind": "STATIC"
      }, {
        "method": "m_checkType__boolean",
        "enclosingType": "jsinterop.base.InternalPreconditions",
        "kind": "STATIC"
      }],
      "referencedTypes": ["jsinterop.base.Js", "jsinterop.base.InternalJsUtil", "jsinterop.base.InternalPreconditions", "nativebootstrap.Equality"],
      "startPosition": {
        "line": 33,
        "column": 2
      },
      "endPosition": {
        "line": 46,
        "column": 2
      }
    }, {
      "name": "m_asAny__java_lang_Object",
      "public": true,
      "static": true,
      "invokedMethods": [{
        "method": "$clinit",
        "enclosingType": "jsinterop.base.Js",
        "kind": "STATIC"
      }, {
        "method": "m_uncheckedCast__java_lang_Object",
        "enclosingType": "jsinterop.base.Js",
        "kind": "STATIC"
      }],
      "referencedTypes": ["jsinterop.base.Js"],
      "startPosition": {
        "line": 46,
        "column": 2
      },
      "endPosition": {
        "line": 56,
        "column": 2
      }
    }, {
      "name": "m_asPropertyMap__java_lang_Object",
      "public": true,
      "static": true,
      "invokedMethods": [{
        "method": "$clinit",
        "enclosingType": "jsinterop.base.Js",
        "kind": "STATIC"
      }, {
        "method": "m_uncheckedCast__java_lang_Object",
        "enclosingType": "jsinterop.base.Js",
        "kind": "STATIC"
      }],
      "referencedTypes": ["jsinterop.base.Js"],
      "startPosition": {
        "line": 56,
        "column": 2
      },
      "endPosition": {
        "line": 66,
        "column": 2
      }
    }, {
      "name": "m_asArrayLike__java_lang_Object",
      "public": true,
      "static": true,
      "invokedMethods": [{
        "method": "$clinit",
        "enclosingType": "jsinterop.base.Js",
        "kind": "STATIC"
      }, {
        "method": "$same",
        "enclosingType": "nativebootstrap.Equality",
        "kind": "STATIC"
      }, {
        "method": "hasLength",
        "enclosingType": "jsinterop.base.InternalJsUtil",
        "kind": "STATIC"
      }, {
        "method": "m_checkType__boolean",
        "enclosingType": "jsinterop.base.InternalPreconditions",
        "kind": "STATIC"
      }, {
        "method": "m_uncheckedCast__java_lang_Object",
        "enclosingType": "jsinterop.base.Js",
        "kind": "STATIC"
      }],
      "referencedTypes": ["jsinterop.base.Js", "jsinterop.base.InternalPreconditions", "nativebootstrap.Equality", "jsinterop.base.InternalJsUtil"],
      "startPosition": {
        "line": 66,
        "column": 2
      },
      "endPosition": {
        "line": 77,
        "column": 2
      }
    }, {
      "name": "m_asArray__java_lang_Object",
      "public": true,
      "static": true,
      "invokedMethods": [{
        "method": "$clinit",
        "enclosingType": "jsinterop.base.Js",
        "kind": "STATIC"
      }, {
        "method": "$instanceIsOfNative",
        "enclosingType": "vmbootstrap.Arrays",
        "kind": "STATIC"
      }, {
        "method": "m_checkType__boolean",
        "enclosingType": "jsinterop.base.InternalPreconditions",
        "kind": "STATIC"
      }, {
        "method": "m_uncheckedCast__java_lang_Object",
        "enclosingType": "jsinterop.base.Js",
        "kind": "STATIC"
      }],
      "referencedTypes": ["jsinterop.base.Js", "jsinterop.base.InternalPreconditions", "vmbootstrap.Arrays"],
      "startPosition": {
        "line": 77,
        "column": 2
      },
      "endPosition": {
        "line": 88,
        "column": 2
      }
    }, {
      "name": "m_asString__java_lang_Object",
      "public": true,
      "static": true,
      "invokedMethods": [{
        "method": "$clinit",
        "enclosingType": "jsinterop.base.Js",
        "kind": "STATIC"
      }, {
        "method": "typeof",
        "kind": "STATIC"
      }, {
        "method": "$same",
        "enclosingType": "nativebootstrap.Equality",
        "kind": "STATIC"
      }, {
        "method": "m_checkType__boolean",
        "enclosingType": "jsinterop.base.InternalPreconditions",
        "kind": "STATIC"
      }, {
        "method": "m_uncheckedCast__java_lang_Object",
        "enclosingType": "jsinterop.base.Js",
        "kind": "STATIC"
      }],
      "referencedTypes": ["jsinterop.base.Js", "jsinterop.base.InternalPreconditions", "nativebootstrap.Equality", ""],
      "startPosition": {
        "line": 88,
        "column": 2
      },
      "endPosition": {
        "line": 99,
        "column": 2
      }
    }, {
      "name": "m_asBoolean__java_lang_Object",
      "public": true,
      "static": true,
      "invokedMethods": [{
        "method": "$clinit",
        "enclosingType": "jsinterop.base.Js",
        "kind": "STATIC"
      }, {
        "method": "typeof",
        "kind": "STATIC"
      }, {
        "method": "$same",
        "enclosingType": "nativebootstrap.Equality",
        "kind": "STATIC"
      }, {
        "method": "m_checkType__boolean",
        "enclosingType": "jsinterop.base.InternalPreconditions",
        "kind": "STATIC"
      }, {
        "method": "castToAny",
        "enclosingType": "jsinterop.base.InternalJsUtil",
        "kind": "STATIC"
      }],
      "referencedTypes": ["jsinterop.base.Js", "jsinterop.base.InternalPreconditions", "nativebootstrap.Equality", "", "jsinterop.base.InternalJsUtil"],
      "startPosition": {
        "line": 99,
        "column": 2
      },
      "endPosition": {
        "line": 110,
        "column": 2
      }
    }, {
      "name": "m_asDouble__java_lang_Object",
      "public": true,
      "static": true,
      "invokedMethods": [{
        "method": "$clinit",
        "enclosingType": "jsinterop.base.Js",
        "kind": "STATIC"
      }, {
        "method": "typeof",
        "kind": "STATIC"
      }, {
        "method": "$same",
        "enclosingType": "nativebootstrap.Equality",
        "kind": "STATIC"
      }, {
        "method": "m_checkType__boolean",
        "enclosingType": "jsinterop.base.InternalPreconditions",
        "kind": "STATIC"
      }, {
        "method": "castToAny",
        "enclosingType": "jsinterop.base.InternalJsUtil",
        "kind": "STATIC"
      }],
      "referencedTypes": ["jsinterop.base.Js", "jsinterop.base.InternalPreconditions", "nativebootstrap.Equality", "", "jsinterop.base.InternalJsUtil"],
      "startPosition": {
        "line": 110,
        "column": 2
      },
      "endPosition": {
        "line": 121,
        "column": 2
      }
    }, {
      "name": "m_asFloat__java_lang_Object",
      "public": true,
      "static": true,
      "invokedMethods": [{
        "method": "$clinit",
        "enclosingType": "jsinterop.base.Js",
        "kind": "STATIC"
      }, {
        "method": "m_asDouble__java_lang_Object",
        "enclosingType": "jsinterop.base.Js",
        "kind": "STATIC"
      }],
      "referencedTypes": ["jsinterop.base.Js"],
      "startPosition": {
        "line": 121,
        "column": 2
      },
      "endPosition": {
        "line": 131,
        "column": 2
      }
    }, {
      "name": "m_asLong__java_lang_Object",
      "public": true,
      "static": true,
      "invokedMethods": [{
        "method": "$clinit",
        "enclosingType": "jsinterop.base.Js",
        "kind": "STATIC"
      }, {
        "method": "isLong",
        "enclosingType": "jsinterop.base.InternalJsUtil",
        "kind": "STATIC"
      }, {
        "method": "m_checkType__boolean",
        "enclosingType": "jsinterop.base.InternalPreconditions",
        "kind": "STATIC"
      }, {
        "method": "castToAny",
        "enclosingType": "jsinterop.base.InternalJsUtil",
        "kind": "STATIC"
      }],
      "referencedTypes": ["jsinterop.base.Js", "jsinterop.base.InternalPreconditions", "jsinterop.base.InternalJsUtil"],
      "startPosition": {
        "line": 131,
        "column": 2
      },
      "endPosition": {
        "line": 142,
        "column": 2
      }
    }, {
      "name": "m_asInt__java_lang_Object",
      "public": true,
      "static": true,
      "invokedMethods": [{
        "method": "$clinit",
        "enclosingType": "jsinterop.base.Js",
        "kind": "STATIC"
      }, {
        "method": "isInt",
        "enclosingType": "jsinterop.base.InternalJsUtil",
        "kind": "STATIC"
      }, {
        "method": "m_checkType__boolean",
        "enclosingType": "jsinterop.base.InternalPreconditions",
        "kind": "STATIC"
      }, {
        "method": "castToAny",
        "enclosingType": "jsinterop.base.InternalJsUtil",
        "kind": "STATIC"
      }],
      "referencedTypes": ["jsinterop.base.Js", "jsinterop.base.InternalPreconditions", "jsinterop.base.InternalJsUtil"],
      "startPosition": {
        "line": 142,
        "column": 2
      },
      "endPosition": {
        "line": 153,
        "column": 2
      }
    }, {
      "name": "m_asShort__java_lang_Object",
      "public": true,
      "static": true,
      "invokedMethods": [{
        "method": "$clinit",
        "enclosingType": "jsinterop.base.Js",
        "kind": "STATIC"
      }, {
        "method": "m_asInt__java_lang_Object",
        "enclosingType": "jsinterop.base.Js",
        "kind": "STATIC"
      }, {
        "method": "$narrowIntToShort",
        "enclosingType": "vmbootstrap.Primitives",
        "kind": "STATIC"
      }, {
        "method": "m_checkType__boolean",
        "enclosingType": "jsinterop.base.InternalPreconditions",
        "kind": "STATIC"
      }, {
        "method": "castToAny",
        "enclosingType": "jsinterop.base.InternalJsUtil",
        "kind": "STATIC"
      }],
      "referencedTypes": ["jsinterop.base.Js", "jsinterop.base.InternalPreconditions", "vmbootstrap.Primitives", "jsinterop.base.InternalJsUtil"],
      "startPosition": {
        "line": 153,
        "column": 2
      },
      "endPosition": {
        "line": 165,
        "column": 2
      }
    }, {
      "name": "m_asChar__java_lang_Object",
      "public": true,
      "static": true,
      "invokedMethods": [{
        "method": "$clinit",
        "enclosingType": "jsinterop.base.Js",
        "kind": "STATIC"
      }, {
        "method": "m_asInt__java_lang_Object",
        "enclosingType": "jsinterop.base.Js",
        "kind": "STATIC"
      }, {
        "method": "$narrowIntToChar",
        "enclosingType": "vmbootstrap.Primitives",
        "kind": "STATIC"
      }, {
        "method": "m_checkType__boolean",
        "enclosingType": "jsinterop.base.InternalPreconditions",
        "kind": "STATIC"
      }, {
        "method": "castToAny",
        "enclosingType": "jsinterop.base.InternalJsUtil",
        "kind": "STATIC"
      }],
      "referencedTypes": ["jsinterop.base.Js", "jsinterop.base.InternalPreconditions", "vmbootstrap.Primitives", "jsinterop.base.InternalJsUtil"],
      "startPosition": {
        "line": 165,
        "column": 2
      },
      "endPosition": {
        "line": 177,
        "column": 2
      }
    }, {
      "name": "m_asByte__java_lang_Object",
      "public": true,
      "static": true,
      "invokedMethods": [{
        "method": "$clinit",
        "enclosingType": "jsinterop.base.Js",
        "kind": "STATIC"
      }, {
        "method": "m_asInt__java_lang_Object",
        "enclosingType": "jsinterop.base.Js",
        "kind": "STATIC"
      }, {
        "method": "$narrowIntToByte",
        "enclosingType": "vmbootstrap.Primitives",
        "kind": "STATIC"
      }, {
        "method": "m_checkType__boolean",
        "enclosingType": "jsinterop.base.InternalPreconditions",
        "kind": "STATIC"
      }, {
        "method": "castToAny",
        "enclosingType": "jsinterop.base.InternalJsUtil",
        "kind": "STATIC"
      }],
      "referencedTypes": ["jsinterop.base.Js", "jsinterop.base.InternalPreconditions", "vmbootstrap.Primitives", "jsinterop.base.InternalJsUtil"],
      "startPosition": {
        "line": 177,
        "column": 2
      },
      "endPosition": {
        "line": 189,
        "column": 2
      }
    }, {
      "name": "m_cast__java_lang_Object",
      "public": true,
      "static": true,
      "invokedMethods": [{
        "method": "$clinit",
        "enclosingType": "jsinterop.base.Js",
        "kind": "STATIC"
      }, {
        "method": "$to",
        "enclosingType": "vmbootstrap.Casts",
        "kind": "STATIC"
      }],
      "referencedTypes": ["jsinterop.base.Js", "vmbootstrap.Casts", "java.lang.Object"],
      "startPosition": {
        "line": 189,
        "column": 2
      },
      "endPosition": {
        "line": 200,
        "column": 2
      }
    }, {
      "name": "m_uncheckedCast__java_lang_Object",
      "public": true,
      "static": true,
      "invokedMethods": [{
        "method": "$clinit",
        "enclosingType": "jsinterop.base.Js",
        "kind": "STATIC"
      }, {
        "method": "$to",
        "enclosingType": "vmbootstrap.Casts",
        "kind": "STATIC"
      }],
      "referencedTypes": ["jsinterop.base.Js", "vmbootstrap.Casts", "java.lang.Object"],
      "startPosition": {
        "line": 200,
        "column": 2
      },
      "endPosition": {
        "line": 211,
        "column": 2
      }
    }, {
      "name": "m_isTruthy__java_lang_Object",
      "public": true,
      "static": true,
      "invokedMethods": [{
        "method": "$clinit",
        "enclosingType": "jsinterop.base.Js",
        "kind": "STATIC"
      }, {
        "method": "isFalsy",
        "enclosingType": "jsinterop.base.Js",
        "kind": "STATIC"
      }],
      "referencedTypes": ["jsinterop.base.Js"],
      "startPosition": {
        "line": 211,
        "column": 2
      },
      "endPosition": {
        "line": 221,
        "column": 2
      }
    }, {
      "name": "isFalsy",
      "public": true,
      "static": true,
      "jsAccessible": true,
      "invokedMethods": [{
        "method": "$clinit",
        "enclosingType": "jsinterop.base.Js",
        "kind": "STATIC"
      }],
      "startPosition": {
        "line": 221,
        "column": 2
      },
      "endPosition": {
        "line": 228,
        "column": 2
      }
    }, {
      "name": "isTripleEqual",
      "public": true,
      "static": true,
      "jsAccessible": true,
      "invokedMethods": [{
        "method": "$clinit",
        "enclosingType": "jsinterop.base.Js",
        "kind": "STATIC"
      }],
      "startPosition": {
        "line": 228,
        "column": 2
      },
      "endPosition": {
        "line": 236,
        "column": 2
      }
    }, {
      "name": "coerceToDouble",
      "public": true,
      "static": true,
      "jsAccessible": true,
      "invokedMethods": [{
        "method": "$clinit",
        "enclosingType": "jsinterop.base.Js",
        "kind": "STATIC"
      }],
      "startPosition": {
        "line": 236,
        "column": 2
      },
      "endPosition": {
        "line": 243,
        "column": 2
      }
    }, {
      "name": "m_coerceToInt__java_lang_Object",
      "public": true,
      "static": true,
      "invokedMethods": [{
        "method": "$clinit",
        "enclosingType": "jsinterop.base.Js",
        "kind": "STATIC"
      }, {
        "method": "castToAny",
        "enclosingType": "jsinterop.base.InternalJsUtil",
        "kind": "STATIC"
      }],
      "referencedTypes": ["jsinterop.base.Js", "jsinterop.base.InternalJsUtil"],
      "startPosition": {
        "line": 243,
        "column": 2
      },
      "endPosition": {
        "line": 253,
        "column": 2
      }
    }, {
      "name": "$create__",
      "public": true,
      "static": true,
      "invokedMethods": [{
        "method": "$clinit",
        "enclosingType": "jsinterop.base.Js",
        "kind": "STATIC"
      }, {
        "method": "constructor",
        "enclosingType": "jsinterop.base.Js",
        "kind": "INSTANTIATION"
      }, {
        "method": "$ctor__jsinterop_base_Js__",
        "enclosingType": "jsinterop.base.Js"
      }],
      "referencedTypes": ["jsinterop.base.Js"],
      "startPosition": {
        "line": 253,
        "column": 2
      },
      "endPosition": {
        "line": 264,
        "column": 2
      }
    }, {
      "name": "$ctor__jsinterop_base_Js__",
      "public": true,
      "invokedMethods": [{
        "method": "$ctor__java_lang_Object__",
        "enclosingType": "java.lang.Object"
      }],
      "startPosition": {
        "line": 264,
        "column": 2
      },
      "endPosition": {
        "line": 272,
        "column": 2
      }
    }, {
      "name": "$clinit",
      "public": true,
      "static": true,
      "invokedMethods": [{
        "method": "$clinit",
        "enclosingType": "jsinterop.base.Js",
        "kind": "STATIC"
      }, {
        "method": "$loadModules",
        "enclosingType": "jsinterop.base.Js",
        "kind": "STATIC"
      }, {
        "method": "$clinit",
        "enclosingType": "java.lang.Object",
        "kind": "STATIC"
      }],
      "referencedTypes": ["jsinterop.base.Js", "java.lang.Object"],
      "startPosition": {
        "line": 272,
        "column": 2
      },
      "endPosition": {
        "line": 283,
        "column": 2
      }
    }],
    "headerSourceFilePath": "jsinterop/base/Js.java.js",
    "implSourceFilePath": "jsinterop/base/Js.impl.java.js"
  }, {
    "typeId": "jsinterop.base.JsArrayLike.$Overlay",
    "member": [{
      "name": "m_getLength__jsinterop_base_JsArrayLike",
      "public": true,
      "static": true,
      "invokedMethods": [{
        "method": "$clinit",
        "enclosingType": "jsinterop.base.JsArrayLike.$Overlay",
        "kind": "STATIC"
      }, {
        "method": "getLength",
        "enclosingType": "jsinterop.base.InternalJsUtil",
        "kind": "STATIC"
      }],
      "referencedTypes": ["jsinterop.base.JsArrayLike.$Overlay", "jsinterop.base.InternalJsUtil"],
      "startPosition": {
        "line": 20,
        "column": 2
      },
      "endPosition": {
        "line": 31,
        "column": 2
      }
    }, {
      "name": "m_setLength__jsinterop_base_JsArrayLike__int",
      "public": true,
      "static": true,
      "invokedMethods": [{
        "method": "$clinit",
        "enclosingType": "jsinterop.base.JsArrayLike.$Overlay",
        "kind": "STATIC"
      }, {
        "method": "setLength",
        "enclosingType": "jsinterop.base.InternalJsUtil",
        "kind": "STATIC"
      }],
      "referencedTypes": ["jsinterop.base.JsArrayLike.$Overlay", "jsinterop.base.InternalJsUtil"],
      "startPosition": {
        "line": 31,
        "column": 2
      },
      "endPosition": {
        "line": 43,
        "column": 2
      }
    }, {
      "name": "m_getAt__jsinterop_base_JsArrayLike__int",
      "public": true,
      "static": true,
      "invokedMethods": [{
        "method": "$clinit",
        "enclosingType": "jsinterop.base.JsArrayLike.$Overlay",
        "kind": "STATIC"
      }, {
        "method": "getIndexed",
        "enclosingType": "jsinterop.base.InternalJsUtil",
        "kind": "STATIC"
      }, {
        "method": "$to",
        "enclosingType": "vmbootstrap.Casts",
        "kind": "STATIC"
      }],
      "referencedTypes": ["jsinterop.base.JsArrayLike.$Overlay", "vmbootstrap.Casts", "jsinterop.base.InternalJsUtil", "java.lang.Object"],
      "startPosition": {
        "line": 43,
        "column": 2
      },
      "endPosition": {
        "line": 55,
        "column": 2
      }
    }, {
      "name": "m_getAnyAt__jsinterop_base_JsArrayLike__int",
      "public": true,
      "static": true,
      "invokedMethods": [{
        "method": "$clinit",
        "enclosingType": "jsinterop.base.JsArrayLike.$Overlay",
        "kind": "STATIC"
      }, {
        "method": "getIndexed",
        "enclosingType": "jsinterop.base.InternalJsUtil",
        "kind": "STATIC"
      }, {
        "method": "$to",
        "enclosingType": "vmbootstrap.Casts",
        "kind": "STATIC"
      }],
      "referencedTypes": ["jsinterop.base.JsArrayLike.$Overlay", "vmbootstrap.Casts", "jsinterop.base.InternalJsUtil", "jsinterop.base.Any.$Overlay"],
      "startPosition": {
        "line": 55,
        "column": 2
      },
      "endPosition": {
        "line": 67,
        "column": 2
      }
    }, {
      "name": "m_setAt__jsinterop_base_JsArrayLike__int__java_lang_Object",
      "public": true,
      "static": true,
      "invokedMethods": [{
        "method": "$clinit",
        "enclosingType": "jsinterop.base.JsArrayLike.$Overlay",
        "kind": "STATIC"
      }, {
        "method": "setIndexed",
        "enclosingType": "jsinterop.base.InternalJsUtil",
        "kind": "STATIC"
      }],
      "referencedTypes": ["jsinterop.base.JsArrayLike.$Overlay", "jsinterop.base.InternalJsUtil"],
      "startPosition": {
        "line": 67,
        "column": 2
      },
      "endPosition": {
        "line": 80,
        "column": 2
      }
    }, {
      "name": "m_delete__jsinterop_base_JsArrayLike__int",
      "public": true,
      "static": true,
      "invokedMethods": [{
        "method": "$clinit",
        "enclosingType": "jsinterop.base.JsArrayLike.$Overlay",
        "kind": "STATIC"
      }, {
        "method": "deleteIndexed",
        "enclosingType": "jsinterop.base.InternalJsUtil",
        "kind": "STATIC"
      }],
      "referencedTypes": ["jsinterop.base.JsArrayLike.$Overlay", "jsinterop.base.InternalJsUtil"],
      "startPosition": {
        "line": 80,
        "column": 2
      },
      "endPosition": {
        "line": 92,
        "column": 2
      }
    }, {
      "name": "m_asList__jsinterop_base_JsArrayLike",
      "public": true,
      "static": true,
      "invokedMethods": [{
        "method": "$clinit",
        "enclosingType": "jsinterop.base.JsArrayLike.$Overlay",
        "kind": "STATIC"
      }, {
        "method": "m_uncheckedCast__java_lang_Object",
        "enclosingType": "jsinterop.base.Js",
        "kind": "STATIC"
      }, {
        "method": "m_asList__arrayOf_java_lang_Object",
        "enclosingType": "java.util.Arrays",
        "kind": "STATIC"
      }],
      "referencedTypes": ["jsinterop.base.JsArrayLike.$Overlay", "jsinterop.base.Js", "java.util.Arrays"],
      "startPosition": {
        "line": 92,
        "column": 2
      },
      "endPosition": {
        "line": 104,
        "column": 2
      }
    }, {
      "name": "$clinit",
      "public": true,
      "static": true,
      "invokedMethods": [{
        "method": "$clinit",
        "enclosingType": "jsinterop.base.JsArrayLike.$Overlay",
        "kind": "STATIC"
      }, {
        "method": "$loadModules",
        "enclosingType": "jsinterop.base.JsArrayLike.$Overlay",
        "kind": "STATIC"
      }],
      "referencedTypes": ["jsinterop.base.JsArrayLike.$Overlay"],
      "startPosition": {
        "line": 104,
        "column": 2
      },
      "endPosition": {
        "line": 114,
        "column": 2
      }
    }],
    "headerSourceFilePath": "jsinterop/base/JsArrayLike$$Overlay.java.js",
    "implSourceFilePath": "jsinterop/base/JsArrayLike$$Overlay.impl.java.js"
  }, {
    "typeId": "jsinterop.base.JsConstructorFn.$Overlay",
    "member": [{
      "name": "m_construct__jsinterop_base_JsConstructorFn__arrayOf_java_lang_Object",
      "public": true,
      "static": true,
      "invokedMethods": [{
        "method": "$clinit",
        "enclosingType": "jsinterop.base.JsConstructorFn.$Overlay",
        "kind": "STATIC"
      }, {
        "method": "Reflect.construct",
        "kind": "STATIC"
      }],
      "referencedTypes": ["jsinterop.base.JsConstructorFn.$Overlay", ""],
      "startPosition": {
        "line": 17,
        "column": 2
      },
      "endPosition": {
        "line": 29,
        "column": 2
      }
    }, {
      "name": "m_asClass__jsinterop_base_JsConstructorFn",
      "public": true,
      "static": true,
      "invokedMethods": [{
        "method": "$clinit",
        "enclosingType": "jsinterop.base.JsConstructorFn.$Overlay",
        "kind": "STATIC"
      }, {
        "method": "$get",
        "enclosingType": "java.lang.Class",
        "kind": "STATIC"
      }, {
        "method": "$same",
        "enclosingType": "nativebootstrap.Equality",
        "kind": "STATIC"
      }, {
        "method": "m_checkType__boolean",
        "enclosingType": "jsinterop.base.InternalPreconditions",
        "kind": "STATIC"
      }],
      "referencedTypes": ["jsinterop.base.JsConstructorFn.$Overlay", "java.lang.Class", "jsinterop.base.InternalPreconditions", "nativebootstrap.Equality"],
      "startPosition": {
        "line": 29,
        "column": 2
      },
      "endPosition": {
        "line": 42,
        "column": 2
      }
    }, {
      "name": "$clinit",
      "public": true,
      "static": true,
      "invokedMethods": [{
        "method": "$clinit",
        "enclosingType": "jsinterop.base.JsConstructorFn.$Overlay",
        "kind": "STATIC"
      }, {
        "method": "$loadModules",
        "enclosingType": "jsinterop.base.JsConstructorFn.$Overlay",
        "kind": "STATIC"
      }],
      "referencedTypes": ["jsinterop.base.JsConstructorFn.$Overlay"],
      "startPosition": {
        "line": 42,
        "column": 2
      },
      "endPosition": {
        "line": 52,
        "column": 2
      }
    }],
    "headerSourceFilePath": "jsinterop/base/JsConstructorFn$$Overlay.java.js",
    "implSourceFilePath": "jsinterop/base/JsConstructorFn$$Overlay.impl.java.js"
  }, {
    "typeId": "jsinterop.base.JsPropertyMap.$Overlay",
    "member": [{
      "name": "m_of__",
      "public": true,
      "static": true,
      "invokedMethods": [{
        "method": "$clinit",
        "enclosingType": "jsinterop.base.JsPropertyMap.$Overlay",
        "kind": "STATIC"
      }, {
        "method": "emptyObjectLiteral",
        "enclosingType": "jsinterop.base.InternalJsUtil",
        "kind": "STATIC"
      }],
      "referencedTypes": ["jsinterop.base.JsPropertyMap.$Overlay", "jsinterop.base.InternalJsUtil"],
      "startPosition": {
        "line": 17,
        "column": 2
      },
      "endPosition": {
        "line": 26,
        "column": 2
      }
    }, {
      "name": "m_of__java_lang_String__java_lang_Object",
      "public": true,
      "static": true,
      "invokedMethods": [{
        "method": "$clinit",
        "enclosingType": "jsinterop.base.JsPropertyMap.$Overlay",
        "kind": "STATIC"
      }, {
        "method": "m_of__",
        "enclosingType": "jsinterop.base.JsPropertyMap.$Overlay",
        "kind": "STATIC"
      }, {
        "method": "m_set__jsinterop_base_JsPropertyMap__java_lang_String__java_lang_Object",
        "enclosingType": "jsinterop.base.JsPropertyMap.$Overlay",
        "kind": "STATIC"
      }],
      "referencedTypes": ["jsinterop.base.JsPropertyMap.$Overlay"],
      "startPosition": {
        "line": 26,
        "column": 2
      },
      "endPosition": {
        "line": 39,
        "column": 2
      }
    }, {
      "name": "m_of__java_lang_String__java_lang_Object__java_lang_String__java_lang_Object",
      "public": true,
      "static": true,
      "invokedMethods": [{
        "method": "$clinit",
        "enclosingType": "jsinterop.base.JsPropertyMap.$Overlay",
        "kind": "STATIC"
      }, {
        "method": "m_of__",
        "enclosingType": "jsinterop.base.JsPropertyMap.$Overlay",
        "kind": "STATIC"
      }, {
        "method": "m_set__jsinterop_base_JsPropertyMap__java_lang_String__java_lang_Object",
        "enclosingType": "jsinterop.base.JsPropertyMap.$Overlay",
        "kind": "STATIC"
      }],
      "referencedTypes": ["jsinterop.base.JsPropertyMap.$Overlay"],
      "startPosition": {
        "line": 39,
        "column": 2
      },
      "endPosition": {
        "line": 55,
        "column": 2
      }
    }, {
      "name": "m_of__java_lang_String__java_lang_Object__java_lang_String__java_lang_Object__java_lang_String__java_lang_Object",
      "public": true,
      "static": true,
      "invokedMethods": [{
        "method": "$clinit",
        "enclosingType": "jsinterop.base.JsPropertyMap.$Overlay",
        "kind": "STATIC"
      }, {
        "method": "m_of__",
        "enclosingType": "jsinterop.base.JsPropertyMap.$Overlay",
        "kind": "STATIC"
      }, {
        "method": "m_set__jsinterop_base_JsPropertyMap__java_lang_String__java_lang_Object",
        "enclosingType": "jsinterop.base.JsPropertyMap.$Overlay",
        "kind": "STATIC"
      }],
      "referencedTypes": ["jsinterop.base.JsPropertyMap.$Overlay"],
      "startPosition": {
        "line": 55,
        "column": 2
      },
      "endPosition": {
        "line": 74,
        "column": 2
      }
    }, {
      "name": "m_get__jsinterop_base_JsPropertyMap__java_lang_String",
      "public": true,
      "static": true,
      "invokedMethods": [{
        "method": "$clinit",
        "enclosingType": "jsinterop.base.JsPropertyMap.$Overlay",
        "kind": "STATIC"
      }, {
        "method": "getIndexed",
        "enclosingType": "jsinterop.base.InternalJsUtil",
        "kind": "STATIC"
      }, {
        "method": "$to",
        "enclosingType": "vmbootstrap.Casts",
        "kind": "STATIC"
      }],
      "referencedTypes": ["jsinterop.base.JsPropertyMap.$Overlay", "vmbootstrap.Casts", "jsinterop.base.InternalJsUtil", "java.lang.Object"],
      "startPosition": {
        "line": 74,
        "column": 2
      },
      "endPosition": {
        "line": 86,
        "column": 2
      }
    }, {
      "name": "m_nestedGet__jsinterop_base_JsPropertyMap__java_lang_String",
      "public": true,
      "static": true,
      "invokedMethods": [{
        "method": "$clinit",
        "enclosingType": "jsinterop.base.JsPropertyMap.$Overlay",
        "kind": "STATIC"
      }, {
        "method": "getObjectByName",
        "enclosingType": "goog",
        "kind": "STATIC"
      }],
      "referencedTypes": ["jsinterop.base.JsPropertyMap.$Overlay", "goog"],
      "startPosition": {
        "line": 86,
        "column": 2
      },
      "endPosition": {
        "line": 98,
        "column": 2
      }
    }, {
      "name": "m_getAny__jsinterop_base_JsPropertyMap__java_lang_String",
      "public": true,
      "static": true,
      "invokedMethods": [{
        "method": "$clinit",
        "enclosingType": "jsinterop.base.JsPropertyMap.$Overlay",
        "kind": "STATIC"
      }, {
        "method": "getIndexed",
        "enclosingType": "jsinterop.base.InternalJsUtil",
        "kind": "STATIC"
      }, {
        "method": "$to",
        "enclosingType": "vmbootstrap.Casts",
        "kind": "STATIC"
      }],
      "referencedTypes": ["jsinterop.base.JsPropertyMap.$Overlay", "vmbootstrap.Casts", "jsinterop.base.InternalJsUtil", "jsinterop.base.Any.$Overlay"],
      "startPosition": {
        "line": 98,
        "column": 2
      },
      "endPosition": {
        "line": 110,
        "column": 2
      }
    }, {
      "name": "m_nestedGetAny__jsinterop_base_JsPropertyMap__java_lang_String",
      "public": true,
      "static": true,
      "invokedMethods": [{
        "method": "$clinit",
        "enclosingType": "jsinterop.base.JsPropertyMap.$Overlay",
        "kind": "STATIC"
      }, {
        "method": "getObjectByName",
        "enclosingType": "goog",
        "kind": "STATIC"
      }, {
        "method": "$to",
        "enclosingType": "vmbootstrap.Casts",
        "kind": "STATIC"
      }],
      "referencedTypes": ["jsinterop.base.JsPropertyMap.$Overlay", "vmbootstrap.Casts", "goog", "jsinterop.base.Any.$Overlay"],
      "startPosition": {
        "line": 110,
        "column": 2
      },
      "endPosition": {
        "line": 122,
        "column": 2
      }
    }, {
      "name": "m_has__jsinterop_base_JsPropertyMap__java_lang_String",
      "public": true,
      "static": true,
      "invokedMethods": [{
        "method": "$clinit",
        "enclosingType": "jsinterop.base.JsPropertyMap.$Overlay",
        "kind": "STATIC"
      }, {
        "method": "hasIndexed",
        "enclosingType": "jsinterop.base.InternalJsUtil",
        "kind": "STATIC"
      }],
      "referencedTypes": ["jsinterop.base.JsPropertyMap.$Overlay", "jsinterop.base.InternalJsUtil"],
      "startPosition": {
        "line": 122,
        "column": 2
      },
      "endPosition": {
        "line": 134,
        "column": 2
      }
    }, {
      "name": "m_delete__jsinterop_base_JsPropertyMap__java_lang_String",
      "public": true,
      "static": true,
      "invokedMethods": [{
        "method": "$clinit",
        "enclosingType": "jsinterop.base.JsPropertyMap.$Overlay",
        "kind": "STATIC"
      }, {
        "method": "deleteIndexed",
        "enclosingType": "jsinterop.base.InternalJsUtil",
        "kind": "STATIC"
      }],
      "referencedTypes": ["jsinterop.base.JsPropertyMap.$Overlay", "jsinterop.base.InternalJsUtil"],
      "startPosition": {
        "line": 134,
        "column": 2
      },
      "endPosition": {
        "line": 146,
        "column": 2
      }
    }, {
      "name": "m_set__jsinterop_base_JsPropertyMap__java_lang_String__java_lang_Object",
      "public": true,
      "static": true,
      "invokedMethods": [{
        "method": "$clinit",
        "enclosingType": "jsinterop.base.JsPropertyMap.$Overlay",
        "kind": "STATIC"
      }, {
        "method": "setIndexed",
        "enclosingType": "jsinterop.base.InternalJsUtil",
        "kind": "STATIC"
      }],
      "referencedTypes": ["jsinterop.base.JsPropertyMap.$Overlay", "jsinterop.base.InternalJsUtil"],
      "startPosition": {
        "line": 146,
        "column": 2
      },
      "endPosition": {
        "line": 159,
        "column": 2
      }
    }, {
      "name": "m_forEach__jsinterop_base_JsPropertyMap__jsinterop_base_JsForEachCallbackFn",
      "public": true,
      "static": true,
      "invokedMethods": [{
        "method": "$clinit",
        "enclosingType": "jsinterop.base.JsPropertyMap.$Overlay",
        "kind": "STATIC"
      }, {
        "method": "forEach",
        "enclosingType": "jsinterop.base.InternalJsUtil",
        "kind": "STATIC"
      }],
      "referencedTypes": ["jsinterop.base.JsPropertyMap.$Overlay", "jsinterop.base.InternalJsUtil"],
      "startPosition": {
        "line": 159,
        "column": 2
      },
      "endPosition": {
        "line": 171,
        "column": 2
      }
    }, {
      "name": "$clinit",
      "public": true,
      "static": true,
      "invokedMethods": [{
        "method": "$clinit",
        "enclosingType": "jsinterop.base.JsPropertyMap.$Overlay",
        "kind": "STATIC"
      }, {
        "method": "$loadModules",
        "enclosingType": "jsinterop.base.JsPropertyMap.$Overlay",
        "kind": "STATIC"
      }],
      "referencedTypes": ["jsinterop.base.JsPropertyMap.$Overlay"],
      "startPosition": {
        "line": 171,
        "column": 2
      },
      "endPosition": {
        "line": 181,
        "column": 2
      }
    }],
    "headerSourceFilePath": "jsinterop/base/JsPropertyMap$$Overlay.java.js",
    "implSourceFilePath": "jsinterop/base/JsPropertyMap$$Overlay.impl.java.js"
  }, {
    "typeId": "com.google.gwt.core.client.UnsafeNativeLong",
    "implementsType": ["java.lang.annotation.Annotation"],
    "member": [{
      "name": "$adapt",
      "public": true,
      "static": true,
      "invokedMethods": [{
        "method": "$clinit",
        "enclosingType": "com.google.gwt.core.client.UnsafeNativeLong",
        "kind": "STATIC"
      }, {
        "method": "constructor",
        "enclosingType": "com.google.gwt.core.client.UnsafeNativeLong.$LambdaAdaptor",
        "kind": "INSTANTIATION"
      }],
      "referencedTypes": ["com.google.gwt.core.client.UnsafeNativeLong", "com.google.gwt.core.client.UnsafeNativeLong.$LambdaAdaptor"],
      "startPosition": {
        "line": 20,
        "column": 2
      },
      "endPosition": {
        "line": 30,
        "column": 2
      }
    }, {
      "name": "$clinit",
      "public": true,
      "static": true,
      "invokedMethods": [{
        "method": "$clinit",
        "enclosingType": "com.google.gwt.core.client.UnsafeNativeLong",
        "kind": "STATIC"
      }, {
        "method": "$loadModules",
        "enclosingType": "com.google.gwt.core.client.UnsafeNativeLong",
        "kind": "STATIC"
      }],
      "referencedTypes": ["com.google.gwt.core.client.UnsafeNativeLong"],
      "startPosition": {
        "line": 30,
        "column": 2
      },
      "endPosition": {
        "line": 40,
        "column": 2
      }
    }],
    "headerSourceFilePath": "com/google/gwt/core/client/UnsafeNativeLong.java.js",
    "implSourceFilePath": "com/google/gwt/core/client/UnsafeNativeLong.impl.java.js"
  }, {
    "typeId": "com.google.gwt.core.client.UnsafeNativeLong.$LambdaAdaptor",
    "extendsType": "java.lang.Object",
    "implementsType": ["com.google.gwt.core.client.UnsafeNativeLong"],
    "member": [{
      "name": "constructor",
      "public": true,
      "invokedMethods": [{
        "method": "$clinit",
        "enclosingType": "com.google.gwt.core.client.UnsafeNativeLong.$LambdaAdaptor",
        "kind": "STATIC"
      }, {
        "method": "constructor",
        "enclosingType": "java.lang.Object",
        "kind": "STATIC"
      }, {
        "method": "f_$$fn__com_google_gwt_core_client_UnsafeNativeLong_$LambdaAdaptor",
        "enclosingType": "com.google.gwt.core.client.UnsafeNativeLong.$LambdaAdaptor"
      }, {
        "method": "$ctor__com_google_gwt_core_client_UnsafeNativeLong_$LambdaAdaptor__com_google_gwt_core_client_UnsafeNativeLong_$JsFunction",
        "enclosingType": "com.google.gwt.core.client.UnsafeNativeLong.$LambdaAdaptor"
      }],
      "referencedTypes": ["com.google.gwt.core.client.UnsafeNativeLong.$LambdaAdaptor", "java.lang.Object"],
      "startPosition": {
        "line": 20,
        "column": 2
      },
      "endPosition": {
        "line": 32,
        "column": 2
      }
    }, {
      "name": "$ctor__com_google_gwt_core_client_UnsafeNativeLong_$LambdaAdaptor__com_google_gwt_core_client_UnsafeNativeLong_$JsFunction",
      "public": true,
      "invokedMethods": [{
        "method": "$ctor__java_lang_Object__",
        "enclosingType": "java.lang.Object"
      }, {
        "method": "f_$$fn__com_google_gwt_core_client_UnsafeNativeLong_$LambdaAdaptor",
        "enclosingType": "com.google.gwt.core.client.UnsafeNativeLong.$LambdaAdaptor"
      }],
      "startPosition": {
        "line": 32,
        "column": 2
      },
      "endPosition": {
        "line": 42,
        "column": 2
      }
    }, {
      "name": "m_annotationType__",
      "public": true,
      "invokedMethods": [{
        "method": "f_$$fn__com_google_gwt_core_client_UnsafeNativeLong_$LambdaAdaptor",
        "enclosingType": "com.google.gwt.core.client.UnsafeNativeLong.$LambdaAdaptor"
      }],
      "startPosition": {
        "line": 42,
        "column": 2
      },
      "endPosition": {
        "line": 51,
        "column": 2
      }
    }, {
      "name": "f_$$fn__com_google_gwt_core_client_UnsafeNativeLong_$LambdaAdaptor",
      "public": true
    }, {
      "name": "$clinit",
      "public": true,
      "static": true,
      "invokedMethods": [{
        "method": "$clinit",
        "enclosingType": "com.google.gwt.core.client.UnsafeNativeLong.$LambdaAdaptor",
        "kind": "STATIC"
      }, {
        "method": "$loadModules",
        "enclosingType": "com.google.gwt.core.client.UnsafeNativeLong.$LambdaAdaptor",
        "kind": "STATIC"
      }, {
        "method": "$clinit",
        "enclosingType": "java.lang.Object",
        "kind": "STATIC"
      }],
      "referencedTypes": ["com.google.gwt.core.client.UnsafeNativeLong.$LambdaAdaptor", "java.lang.Object"],
      "startPosition": {
        "line": 51,
        "column": 2
      },
      "endPosition": {
        "line": 62,
        "column": 2
      }
    }],
    "headerSourceFilePath": "com/google/gwt/core/client/UnsafeNativeLong$$LambdaAdaptor.java.js",
    "implSourceFilePath": "com/google/gwt/core/client/UnsafeNativeLong$$LambdaAdaptor.impl.java.js"
  }]
}