{
  "type": [{
    "typeId": "elemental2.promise.IThenable.$Overlay",
    "member": [{
      "name": "$clinit",
      "public": true,
      "static": true,
      "invokedMethods": [{
        "method": "$clinit",
        "enclosingType": "elemental2.promise.IThenable.$Overlay",
        "kind": "STATIC"
      }, {
        "method": "$loadModules",
        "enclosingType": "elemental2.promise.IThenable.$Overlay",
        "kind": "STATIC"
      }],
      "referencedTypes": ["elemental2.promise.IThenable.$Overlay"],
      "startPosition": {
        "line": 12,
        "column": 2
      },
      "endPosition": {
        "line": 22,
        "column": 2
      }
    }],
    "headerSourceFilePath": "elemental2/promise/IThenable$$Overlay.java.js",
    "implSourceFilePath": "elemental2/promise/IThenable$$Overlay.impl.java.js"
  }, {
    "typeId": "elemental2.promise.Promise.$Overlay",
    "member": [{
      "name": "m_resolve__elemental2_promise_IThenable",
      "public": true,
      "static": true,
      "invokedMethods": [{
        "method": "$clinit",
        "enclosingType": "elemental2.promise.Promise.$Overlay",
        "kind": "STATIC"
      }, {
        "method": "m_uncheckedCast__java_lang_Object",
        "enclosingType": "jsinterop.base.Js",
        "kind": "STATIC"
      }, {
        "method": "resolve",
        "enclosingType": "Promise",
        "kind": "STATIC"
      }],
      "referencedTypes": ["elemental2.promise.Promise.$Overlay", "Promise", "jsinterop.base.Js"],
      "startPosition": {
        "line": 16,
        "column": 2
      },
      "endPosition": {
        "line": 27,
        "column": 2
      }
    }, {
      "name": "m_resolve__java_lang_Object",
      "public": true,
      "static": true,
      "invokedMethods": [{
        "method": "$clinit",
        "enclosingType": "elemental2.promise.Promise.$Overlay",
        "kind": "STATIC"
      }, {
        "method": "m_uncheckedCast__java_lang_Object",
        "enclosingType": "jsinterop.base.Js",
        "kind": "STATIC"
      }, {
        "method": "resolve",
        "enclosingType": "Promise",
        "kind": "STATIC"
      }],
      "referencedTypes": ["elemental2.promise.Promise.$Overlay", "Promise", "jsinterop.base.Js"],
      "startPosition": {
        "line": 27,
        "column": 2
      },
      "endPosition": {
        "line": 38,
        "column": 2
      }
    }, {
      "name": "$clinit",
      "public": true,
      "static": true,
      "invokedMethods": [{
        "method": "$clinit",
        "enclosingType": "elemental2.promise.Promise.$Overlay",
        "kind": "STATIC"
      }, {
        "method": "$loadModules",
        "enclosingType": "elemental2.promise.Promise.$Overlay",
        "kind": "STATIC"
      }],
      "referencedTypes": ["elemental2.promise.Promise.$Overlay"],
      "startPosition": {
        "line": 38,
        "column": 2
      },
      "endPosition": {
        "line": 48,
        "column": 2
      }
    }],
    "headerSourceFilePath": "elemental2/promise/Promise$$Overlay.java.js",
    "implSourceFilePath": "elemental2/promise/Promise$$Overlay.impl.java.js"
  }, {
    "typeId": "elemental2.promise.Promise.PromiseExecutorCallbackFn.ResolveCallbackFn.$Overlay",
    "member": [{
      "name": "m_onInvoke__elemental2_promise_Promise_PromiseExecutorCallbackFn_ResolveCallbackFn__elemental2_promise_IThenable",
      "public": true,
      "static": true,
      "invokedMethods": [{
        "method": "$clinit",
        "enclosingType": "elemental2.promise.Promise.PromiseExecutorCallbackFn.ResolveCallbackFn.$Overlay",
        "kind": "STATIC"
      }, {
        "method": "m_uncheckedCast__java_lang_Object",
        "enclosingType": "jsinterop.base.Js",
        "kind": "STATIC"
      }],
      "referencedTypes": ["elemental2.promise.Promise.PromiseExecutorCallbackFn.ResolveCallbackFn.$Overlay", "jsinterop.base.Js"],
      "startPosition": {
        "line": 16,
        "column": 2
      },
      "endPosition": {
        "line": 28,
        "column": 2
      }
    }, {
      "name": "m_onInvoke__elemental2_promise_Promise_PromiseExecutorCallbackFn_ResolveCallbackFn__java_lang_Object",
      "public": true,
      "static": true,
      "invokedMethods": [{
        "method": "$clinit",
        "enclosingType": "elemental2.promise.Promise.PromiseExecutorCallbackFn.ResolveCallbackFn.$Overlay",
        "kind": "STATIC"
      }, {
        "method": "m_uncheckedCast__java_lang_Object",
        "enclosingType": "jsinterop.base.Js",
        "kind": "STATIC"
      }],
      "referencedTypes": ["elemental2.promise.Promise.PromiseExecutorCallbackFn.ResolveCallbackFn.$Overlay", "jsinterop.base.Js"],
      "startPosition": {
        "line": 28,
        "column": 2
      },
      "endPosition": {
        "line": 40,
        "column": 2
      }
    }, {
      "name": "$clinit",
      "public": true,
      "static": true,
      "invokedMethods": [{
        "method": "$clinit",
        "enclosingType": "elemental2.promise.Promise.PromiseExecutorCallbackFn.ResolveCallbackFn.$Overlay",
        "kind": "STATIC"
      }, {
        "method": "$loadModules",
        "enclosingType": "elemental2.promise.Promise.PromiseExecutorCallbackFn.ResolveCallbackFn.$Overlay",
        "kind": "STATIC"
      }],
      "referencedTypes": ["elemental2.promise.Promise.PromiseExecutorCallbackFn.ResolveCallbackFn.$Overlay"],
      "startPosition": {
        "line": 40,
        "column": 2
      },
      "endPosition": {
        "line": 50,
        "column": 2
      }
    }],
    "headerSourceFilePath": "elemental2/promise/Promise$PromiseExecutorCallbackFn$ResolveCallbackFn$$Overlay.java.js",
    "implSourceFilePath": "elemental2/promise/Promise$PromiseExecutorCallbackFn$ResolveCallbackFn$$Overlay.impl.java.js"
  }, {
    "typeId": "elemental2.promise.Promise.PromiseExecutorCallbackFn.ResolveCallbackFn.ResolveUnionType.$Overlay",
    "member": [{
      "name": "m_of__java_lang_Object",
      "public": true,
      "static": true,
      "invokedMethods": [{
        "method": "$clinit",
        "enclosingType": "elemental2.promise.Promise.PromiseExecutorCallbackFn.ResolveCallbackFn.ResolveUnionType.$Overlay",
        "kind": "STATIC"
      }, {
        "method": "m_cast__java_lang_Object",
        "enclosingType": "jsinterop.base.Js",
        "kind": "STATIC"
      }, {
        "method": "$to",
        "enclosingType": "vmbootstrap.Casts",
        "kind": "STATIC"
      }],
      "referencedTypes": ["elemental2.promise.Promise.PromiseExecutorCallbackFn.ResolveCallbackFn.ResolveUnionType.$Overlay", "vmbootstrap.Casts", "jsinterop.base.Js"],
      "startPosition": {
        "line": 16,
        "column": 2
      },
      "endPosition": {
        "line": 26,
        "column": 2
      }
    }, {
      "name": "m_asIThenable__elemental2_promise_Promise_PromiseExecutorCallbackFn_ResolveCallbackFn_ResolveUnionType",
      "public": true,
      "static": true,
      "invokedMethods": [{
        "method": "$clinit",
        "enclosingType": "elemental2.promise.Promise.PromiseExecutorCallbackFn.ResolveCallbackFn.ResolveUnionType.$Overlay",
        "kind": "STATIC"
      }, {
        "method": "m_cast__java_lang_Object",
        "enclosingType": "jsinterop.base.Js",
        "kind": "STATIC"
      }, {
        "method": "$to",
        "enclosingType": "vmbootstrap.Casts",
        "kind": "STATIC"
      }],
      "referencedTypes": ["elemental2.promise.Promise.PromiseExecutorCallbackFn.ResolveCallbackFn.ResolveUnionType.$Overlay", "vmbootstrap.Casts", "jsinterop.base.Js", "elemental2.promise.IThenable.$Overlay"],
      "startPosition": {
        "line": 26,
        "column": 2
      },
      "endPosition": {
        "line": 37,
        "column": 2
      }
    }, {
      "name": "m_asT__elemental2_promise_Promise_PromiseExecutorCallbackFn_ResolveCallbackFn_ResolveUnionType",
      "public": true,
      "static": true,
      "invokedMethods": [{
        "method": "$clinit",
        "enclosingType": "elemental2.promise.Promise.PromiseExecutorCallbackFn.ResolveCallbackFn.ResolveUnionType.$Overlay",
        "kind": "STATIC"
      }, {
        "method": "m_cast__java_lang_Object",
        "enclosingType": "jsinterop.base.Js",
        "kind": "STATIC"
      }],
      "referencedTypes": ["elemental2.promise.Promise.PromiseExecutorCallbackFn.ResolveCallbackFn.ResolveUnionType.$Overlay", "jsinterop.base.Js"],
      "startPosition": {
        "line": 37,
        "column": 2
      },
      "endPosition": {
        "line": 48,
        "column": 2
      }
    }, {
      "name": "$clinit",
      "public": true,
      "static": true,
      "invokedMethods": [{
        "method": "$clinit",
        "enclosingType": "elemental2.promise.Promise.PromiseExecutorCallbackFn.ResolveCallbackFn.ResolveUnionType.$Overlay",
        "kind": "STATIC"
      }, {
        "method": "$loadModules",
        "enclosingType": "elemental2.promise.Promise.PromiseExecutorCallbackFn.ResolveCallbackFn.ResolveUnionType.$Overlay",
        "kind": "STATIC"
      }],
      "referencedTypes": ["elemental2.promise.Promise.PromiseExecutorCallbackFn.ResolveCallbackFn.ResolveUnionType.$Overlay"],
      "startPosition": {
        "line": 48,
        "column": 2
      },
      "endPosition": {
        "line": 58,
        "column": 2
      }
    }],
    "headerSourceFilePath": "elemental2/promise/Promise$PromiseExecutorCallbackFn$ResolveCallbackFn$ResolveUnionType$$Overlay.java.js",
    "implSourceFilePath": "elemental2/promise/Promise$PromiseExecutorCallbackFn$ResolveCallbackFn$ResolveUnionType$$Overlay.impl.java.js"
  }, {
    "typeId": "elemental2.promise.Promise.ResolveValueUnionType.$Overlay",
    "member": [{
      "name": "m_of__java_lang_Object",
      "public": true,
      "static": true,
      "invokedMethods": [{
        "method": "$clinit",
        "enclosingType": "elemental2.promise.Promise.ResolveValueUnionType.$Overlay",
        "kind": "STATIC"
      }, {
        "method": "m_cast__java_lang_Object",
        "enclosingType": "jsinterop.base.Js",
        "kind": "STATIC"
      }, {
        "method": "$to",
        "enclosingType": "vmbootstrap.Casts",
        "kind": "STATIC"
      }],
      "referencedTypes": ["elemental2.promise.Promise.ResolveValueUnionType.$Overlay", "vmbootstrap.Casts", "jsinterop.base.Js"],
      "startPosition": {
        "line": 16,
        "column": 2
      },
      "endPosition": {
        "line": 26,
        "column": 2
      }
    }, {
      "name": "m_asIThenable__elemental2_promise_Promise_ResolveValueUnionType",
      "public": true,
      "static": true,
      "invokedMethods": [{
        "method": "$clinit",
        "enclosingType": "elemental2.promise.Promise.ResolveValueUnionType.$Overlay",
        "kind": "STATIC"
      }, {
        "method": "m_cast__java_lang_Object",
        "enclosingType": "jsinterop.base.Js",
        "kind": "STATIC"
      }, {
        "method": "$to",
        "enclosingType": "vmbootstrap.Casts",
        "kind": "STATIC"
      }],
      "referencedTypes": ["elemental2.promise.Promise.ResolveValueUnionType.$Overlay", "vmbootstrap.Casts", "jsinterop.base.Js", "elemental2.promise.IThenable.$Overlay"],
      "startPosition": {
        "line": 26,
        "column": 2
      },
      "endPosition": {
        "line": 37,
        "column": 2
      }
    }, {
      "name": "m_asV__elemental2_promise_Promise_ResolveValueUnionType",
      "public": true,
      "static": true,
      "invokedMethods": [{
        "method": "$clinit",
        "enclosingType": "elemental2.promise.Promise.ResolveValueUnionType.$Overlay",
        "kind": "STATIC"
      }, {
        "method": "m_cast__java_lang_Object",
        "enclosingType": "jsinterop.base.Js",
        "kind": "STATIC"
      }],
      "referencedTypes": ["elemental2.promise.Promise.ResolveValueUnionType.$Overlay", "jsinterop.base.Js"],
      "startPosition": {
        "line": 37,
        "column": 2
      },
      "endPosition": {
        "line": 48,
        "column": 2
      }
    }, {
      "name": "$clinit",
      "public": true,
      "static": true,
      "invokedMethods": [{
        "method": "$clinit",
        "enclosingType": "elemental2.promise.Promise.ResolveValueUnionType.$Overlay",
        "kind": "STATIC"
      }, {
        "method": "$loadModules",
        "enclosingType": "elemental2.promise.Promise.ResolveValueUnionType.$Overlay",
        "kind": "STATIC"
      }],
      "referencedTypes": ["elemental2.promise.Promise.ResolveValueUnionType.$Overlay"],
      "startPosition": {
        "line": 48,
        "column": 2
      },
      "endPosition": {
        "line": 58,
        "column": 2
      }
    }],
    "headerSourceFilePath": "elemental2/promise/Promise$ResolveValueUnionType$$Overlay.java.js",
    "implSourceFilePath": "elemental2/promise/Promise$ResolveValueUnionType$$Overlay.impl.java.js"
  }]
}