{
  "type": [{
    "typeId": "elemental2.webstorage.Storage.$Overlay",
    "member": [{
      "name": "$clinit",
      "public": true,
      "static": true,
      "invokedMethods": [{
        "method": "$clinit",
        "enclosingType": "elemental2.webstorage.Storage.$Overlay",
        "kind": "STATIC"
      }, {
        "method": "$loadModules",
        "enclosingType": "elemental2.webstorage.Storage.$Overlay",
        "kind": "STATIC"
      }],
      "referencedTypes": ["elemental2.webstorage.Storage.$Overlay"],
      "startPosition": {
        "line": 12,
        "column": 2
      },
      "endPosition": {
        "line": 22,
        "column": 2
      }
    }],
    "headerSourceFilePath": "elemental2/webstorage/Storage$$Overlay.java.js",
    "implSourceFilePath": "elemental2/webstorage/Storage$$Overlay.impl.java.js"
  }, {
    "typeId": "elemental2.webstorage.StorageEvent.$Overlay",
    "member": [{
      "name": "$clinit",
      "public": true,
      "static": true,
      "invokedMethods": [{
        "method": "$clinit",
        "enclosingType": "elemental2.webstorage.StorageEvent.$Overlay",
        "kind": "STATIC"
      }, {
        "method": "$loadModules",
        "enclosingType": "elemental2.webstorage.StorageEvent.$Overlay",
        "kind": "STATIC"
      }],
      "referencedTypes": ["elemental2.webstorage.StorageEvent.$Overlay"],
      "startPosition": {
        "line": 12,
        "column": 2
      },
      "endPosition": {
        "line": 22,
        "column": 2
      }
    }],
    "headerSourceFilePath": "elemental2/webstorage/StorageEvent$$Overlay.java.js",
    "implSourceFilePath": "elemental2/webstorage/StorageEvent$$Overlay.impl.java.js"
  }, {
    "typeId": "elemental2.webstorage.WebStorageWindow.$Overlay",
    "member": [{
      "name": "m_of__elemental2_dom_Window",
      "public": true,
      "static": true,
      "invokedMethods": [{
        "method": "$clinit",
        "enclosingType": "elemental2.webstorage.WebStorageWindow.$Overlay",
        "kind": "STATIC"
      }, {
        "method": "m_cast__java_lang_Object",
        "enclosingType": "jsinterop.base.Js",
        "kind": "STATIC"
      }, {
        "method": "$to",
        "enclosingType": "vmbootstrap.Casts",
        "kind": "STATIC"
      }],
      "referencedTypes": ["elemental2.webstorage.WebStorageWindow.$Overlay", "vmbootstrap.Casts", "jsinterop.base.Js"],
      "startPosition": {
        "line": 16,
        "column": 2
      },
      "endPosition": {
        "line": 26,
        "column": 2
      }
    }, {
      "name": "$clinit",
      "public": true,
      "static": true,
      "invokedMethods": [{
        "method": "$clinit",
        "enclosingType": "elemental2.webstorage.WebStorageWindow.$Overlay",
        "kind": "STATIC"
      }, {
        "method": "$loadModules",
        "enclosingType": "elemental2.webstorage.WebStorageWindow.$Overlay",
        "kind": "STATIC"
      }],
      "referencedTypes": ["elemental2.webstorage.WebStorageWindow.$Overlay"],
      "startPosition": {
        "line": 26,
        "column": 2
      },
      "endPosition": {
        "line": 36,
        "column": 2
      }
    }],
    "headerSourceFilePath": "elemental2/webstorage/WebStorageWindow$$Overlay.java.js",
    "implSourceFilePath": "elemental2/webstorage/WebStorageWindow$$Overlay.impl.java.js"
  }, {
    "typeId": "elemental2.webstorage.WindowLocalStorage.$Overlay",
    "member": [{
      "name": "$clinit",
      "public": true,
      "static": true,
      "invokedMethods": [{
        "method": "$clinit",
        "enclosingType": "elemental2.webstorage.WindowLocalStorage.$Overlay",
        "kind": "STATIC"
      }, {
        "method": "$loadModules",
        "enclosingType": "elemental2.webstorage.WindowLocalStorage.$Overlay",
        "kind": "STATIC"
      }],
      "referencedTypes": ["elemental2.webstorage.WindowLocalStorage.$Overlay"],
      "startPosition": {
        "line": 12,
        "column": 2
      },
      "endPosition": {
        "line": 22,
        "column": 2
      }
    }],
    "headerSourceFilePath": "elemental2/webstorage/WindowLocalStorage$$Overlay.java.js",
    "implSourceFilePath": "elemental2/webstorage/WindowLocalStorage$$Overlay.impl.java.js"
  }, {
    "typeId": "elemental2.webstorage.WindowSessionStorage.$Overlay",
    "member": [{
      "name": "$clinit",
      "public": true,
      "static": true,
      "invokedMethods": [{
        "method": "$clinit",
        "enclosingType": "elemental2.webstorage.WindowSessionStorage.$Overlay",
        "kind": "STATIC"
      }, {
        "method": "$loadModules",
        "enclosingType": "elemental2.webstorage.WindowSessionStorage.$Overlay",
        "kind": "STATIC"
      }],
      "referencedTypes": ["elemental2.webstorage.WindowSessionStorage.$Overlay"],
      "startPosition": {
        "line": 12,
        "column": 2
      },
      "endPosition": {
        "line": 22,
        "column": 2
      }
    }],
    "headerSourceFilePath": "elemental2/webstorage/WindowSessionStorage$$Overlay.java.js",
    "implSourceFilePath": "elemental2/webstorage/WindowSessionStorage$$Overlay.impl.java.js"
  }]
}