{
  "type": [{
    "typeId": "org.dominokit.samples.Priority",
    "extendsType": "java.lang.Enum",
    "member": [{
      "name": "constructor",
      "public": true,
      "invokedMethods": [{
        "method": "constructor",
        "enclosingType": "java.lang.Enum",
        "kind": "STATIC"
      }],
      "referencedTypes": ["java.lang.Enum"],
      "startPosition": {
        "line": 21,
        "column": 2
      },
      "endPosition": {
        "line": 28,
        "column": 2
      }
    }, {
      "name": "$create__java_lang_String__int",
      "public": true,
      "static": true,
      "invokedMethods": [{
        "method": "constructor",
        "enclosingType": "org.dominokit.samples.Priority",
        "kind": "INSTANTIATION"
      }, {
        "method": "$ctor__org_dominokit_samples_Priority__java_lang_String__int",
        "enclosingType": "org.dominokit.samples.Priority"
      }],
      "referencedTypes": ["org.dominokit.samples.Priority"],
      "startPosition": {
        "line": 28,
        "column": 2
      },
      "endPosition": {
        "line": 40,
        "column": 2
      }
    }, {
      "name": "$ctor__org_dominokit_samples_Priority__java_lang_String__int",
      "public": true,
      "invokedMethods": [{
        "method": "f_name__java_lang_Enum_",
        "enclosingType": "java.lang.Enum"
      }, {
        "method": "f_ordinal__java_lang_Enum_",
        "enclosingType": "java.lang.Enum"
      }, {
        "method": "$ctor__java_lang_Enum__java_lang_String__int",
        "enclosingType": "java.lang.Enum"
      }],
      "startPosition": {
        "line": 40,
        "column": 2
      },
      "endPosition": {
        "line": 52,
        "column": 2
      }
    }, {
      "name": "m_valueOf__java_lang_String",
      "public": true,
      "static": true,
      "invokedMethods": [{
        "method": "$clinit",
        "enclosingType": "org.dominokit.samples.Priority",
        "kind": "STATIC"
      }, {
        "method": "$f_namesToValuesMap__org_dominokit_samples_Priority_",
        "enclosingType": "org.dominokit.samples.Priority",
        "kind": "STATIC"
      }, {
        "method": "$same",
        "enclosingType": "nativebootstrap.Equality",
        "kind": "STATIC"
      }, {
        "method": "m_values__",
        "enclosingType": "org.dominokit.samples.Priority",
        "kind": "STATIC"
      }, {
        "method": "createMapFromValues",
        "enclosingType": "vmbootstrap.Enums",
        "kind": "STATIC"
      }, {
        "method": "getValueFromNameAndMap",
        "enclosingType": "vmbootstrap.Enums",
        "kind": "STATIC"
      }],
      "referencedTypes": ["org.dominokit.samples.Priority", "nativebootstrap.Equality", "vmbootstrap.Enums"],
      "startPosition": {
        "line": 52,
        "column": 2
      },
      "endPosition": {
        "line": 65,
        "column": 2
      }
    }, {
      "name": "m_values__",
      "public": true,
      "static": true,
      "invokedMethods": [{
        "method": "$clinit",
        "enclosingType": "org.dominokit.samples.Priority",
        "kind": "STATIC"
      }, {
        "method": "$f_IMPORTANT__org_dominokit_samples_Priority",
        "enclosingType": "org.dominokit.samples.Priority",
        "kind": "STATIC"
      }, {
        "method": "$f_NORMAL__org_dominokit_samples_Priority",
        "enclosingType": "org.dominokit.samples.Priority",
        "kind": "STATIC"
      }, {
        "method": "$init",
        "enclosingType": "vmbootstrap.Arrays",
        "kind": "STATIC"
      }],
      "referencedTypes": ["org.dominokit.samples.Priority", "vmbootstrap.Arrays"],
      "startPosition": {
        "line": 65,
        "column": 2
      },
      "endPosition": {
        "line": 74,
        "column": 2
      }
    }, {
      "name": "m_compareTo__java_lang_Object",
      "public": true,
      "invokedMethods": [{
        "method": "$to",
        "enclosingType": "vmbootstrap.Casts",
        "kind": "STATIC"
      }, {
        "method": "compareTo",
        "enclosingType": "java.lang.Enum",
        "kind": "STATIC"
      }],
      "referencedTypes": ["vmbootstrap.Casts", "org.dominokit.samples.Priority"],
      "startPosition": {
        "line": 74,
        "column": 2
      },
      "endPosition": {
        "line": 85,
        "column": 2
      }
    }, {
      "name": "$f_IMPORTANT__org_dominokit_samples_Priority",
      "public": true,
      "static": true,
      "startPosition": {
        "line": 184
      },
      "endPosition": {
        "line": 188
      }
    }, {
      "name": "$f_NORMAL__org_dominokit_samples_Priority",
      "public": true,
      "static": true,
      "startPosition": {
        "line": 188
      },
      "endPosition": {
        "line": 192
      }
    }, {
      "name": "$f_namesToValuesMap__org_dominokit_samples_Priority_",
      "static": true,
      "startPosition": {
        "line": 192
      },
      "endPosition": {
        "line": 196
      }
    }, {
      "name": "$ordinal$f_IMPORTANT__org_dominokit_samples_Priority",
      "public": true,
      "static": true,
      "startPosition": {
        "line": 196
      },
      "endPosition": {
        "line": 200
      }
    }, {
      "name": "$ordinal$f_NORMAL__org_dominokit_samples_Priority",
      "public": true,
      "static": true,
      "startPosition": {
        "line": 200
      },
      "endPosition": {
        "line": 204
      }
    }, {
      "name": "f_IMPORTANT__org_dominokit_samples_Priority",
      "public": true,
      "static": true,
      "invokedMethods": [{
        "method": "$clinit",
        "enclosingType": "org.dominokit.samples.Priority",
        "kind": "STATIC"
      }, {
        "method": "$f_IMPORTANT__org_dominokit_samples_Priority",
        "enclosingType": "org.dominokit.samples.Priority",
        "kind": "STATIC"
      }],
      "referencedTypes": ["org.dominokit.samples.Priority"],
      "startPosition": {
        "line": 93,
        "column": 2
      },
      "endPosition": {
        "line": 102,
        "column": 2
      }
    }, {
      "name": "f_NORMAL__org_dominokit_samples_Priority",
      "public": true,
      "static": true,
      "invokedMethods": [{
        "method": "$clinit",
        "enclosingType": "org.dominokit.samples.Priority",
        "kind": "STATIC"
      }, {
        "method": "$f_NORMAL__org_dominokit_samples_Priority",
        "enclosingType": "org.dominokit.samples.Priority",
        "kind": "STATIC"
      }],
      "referencedTypes": ["org.dominokit.samples.Priority"],
      "startPosition": {
        "line": 110,
        "column": 2
      },
      "endPosition": {
        "line": 119,
        "column": 2
      }
    }, {
      "name": "f_namesToValuesMap__org_dominokit_samples_Priority_",
      "static": true,
      "invokedMethods": [{
        "method": "$clinit",
        "enclosingType": "org.dominokit.samples.Priority",
        "kind": "STATIC"
      }, {
        "method": "$f_namesToValuesMap__org_dominokit_samples_Priority_",
        "enclosingType": "org.dominokit.samples.Priority",
        "kind": "STATIC"
      }],
      "referencedTypes": ["org.dominokit.samples.Priority"],
      "startPosition": {
        "line": 127,
        "column": 2
      },
      "endPosition": {
        "line": 136,
        "column": 2
      }
    }, {
      "name": "$clinit",
      "public": true,
      "static": true,
      "invokedMethods": [{
        "method": "$clinit",
        "enclosingType": "org.dominokit.samples.Priority",
        "kind": "STATIC"
      }, {
        "method": "$loadModules",
        "enclosingType": "org.dominokit.samples.Priority",
        "kind": "STATIC"
      }, {
        "method": "$clinit",
        "enclosingType": "java.lang.Enum",
        "kind": "STATIC"
      }, {
        "method": "$f_IMPORTANT__org_dominokit_samples_Priority",
        "enclosingType": "org.dominokit.samples.Priority",
        "kind": "STATIC"
      }, {
        "method": "$makeEnumName",
        "enclosingType": "nativebootstrap.Util",
        "kind": "STATIC"
      }, {
        "method": "$ordinal$f_IMPORTANT__org_dominokit_samples_Priority",
        "enclosingType": "org.dominokit.samples.Priority",
        "kind": "STATIC"
      }, {
        "method": "$create__java_lang_String__int",
        "enclosingType": "org.dominokit.samples.Priority",
        "kind": "STATIC"
      }, {
        "method": "$f_NORMAL__org_dominokit_samples_Priority",
        "enclosingType": "org.dominokit.samples.Priority",
        "kind": "STATIC"
      }, {
        "method": "$ordinal$f_NORMAL__org_dominokit_samples_Priority",
        "enclosingType": "org.dominokit.samples.Priority",
        "kind": "STATIC"
      }, {
        "method": "$f_namesToValuesMap__org_dominokit_samples_Priority_",
        "enclosingType": "org.dominokit.samples.Priority",
        "kind": "STATIC"
      }],
      "referencedTypes": ["org.dominokit.samples.Priority", "java.lang.Enum", "nativebootstrap.Util"],
      "startPosition": {
        "line": 136,
        "column": 2
      },
      "endPosition": {
        "line": 150,
        "column": 2
      }
    }],
    "headerSourceFilePath": "org/dominokit/samples/Priority.java.js",
    "implSourceFilePath": "org/dominokit/samples/Priority.impl.java.js"
  }, {
    "typeId": "org.dominokit.samples.Project",
    "extendsType": "java.lang.Object",
    "member": [{
      "name": "constructor",
      "public": true,
      "invokedMethods": [{
        "method": "constructor",
        "enclosingType": "java.lang.Object",
        "kind": "STATIC"
      }, {
        "method": "f_name__org_dominokit_samples_Project_",
        "enclosingType": "org.dominokit.samples.Project"
      }, {
        "method": "f_icon__org_dominokit_samples_Project_",
        "enclosingType": "org.dominokit.samples.Project"
      }, {
        "method": "f_color__org_dominokit_samples_Project_",
        "enclosingType": "org.dominokit.samples.Project"
      }],
      "referencedTypes": ["java.lang.Object"],
      "startPosition": {
        "line": 13,
        "column": 2
      },
      "endPosition": {
        "line": 26,
        "column": 2
      }
    }, {
      "name": "$create__",
      "public": true,
      "static": true,
      "invokedMethods": [{
        "method": "$clinit",
        "enclosingType": "org.dominokit.samples.Project",
        "kind": "STATIC"
      }, {
        "method": "constructor",
        "enclosingType": "org.dominokit.samples.Project",
        "kind": "INSTANTIATION"
      }, {
        "method": "$ctor__org_dominokit_samples_Project__",
        "enclosingType": "org.dominokit.samples.Project"
      }],
      "referencedTypes": ["org.dominokit.samples.Project"],
      "startPosition": {
        "line": 26,
        "column": 2
      },
      "endPosition": {
        "line": 37,
        "column": 2
      }
    }, {
      "name": "$ctor__org_dominokit_samples_Project__",
      "public": true,
      "invokedMethods": [{
        "method": "$ctor__java_lang_Object__",
        "enclosingType": "java.lang.Object"
      }],
      "startPosition": {
        "line": 37,
        "column": 2
      },
      "endPosition": {
        "line": 45,
        "column": 2
      }
    }, {
      "name": "m_getName__",
      "public": true,
      "invokedMethods": [{
        "method": "f_name__org_dominokit_samples_Project_",
        "enclosingType": "org.dominokit.samples.Project"
      }],
      "startPosition": {
        "line": 45,
        "column": 2
      },
      "endPosition": {
        "line": 53,
        "column": 2
      }
    }, {
      "name": "m_setName__java_lang_String",
      "public": true,
      "invokedMethods": [{
        "method": "f_name__org_dominokit_samples_Project_",
        "enclosingType": "org.dominokit.samples.Project"
      }],
      "startPosition": {
        "line": 53,
        "column": 2
      },
      "endPosition": {
        "line": 62,
        "column": 2
      }
    }, {
      "name": "m_getIcon__",
      "public": true,
      "invokedMethods": [{
        "method": "f_icon__org_dominokit_samples_Project_",
        "enclosingType": "org.dominokit.samples.Project"
      }],
      "startPosition": {
        "line": 62,
        "column": 2
      },
      "endPosition": {
        "line": 70,
        "column": 2
      }
    }, {
      "name": "m_setIcon__java_lang_String",
      "public": true,
      "invokedMethods": [{
        "method": "f_icon__org_dominokit_samples_Project_",
        "enclosingType": "org.dominokit.samples.Project"
      }],
      "startPosition": {
        "line": 70,
        "column": 2
      },
      "endPosition": {
        "line": 79,
        "column": 2
      }
    }, {
      "name": "m_getColor__",
      "public": true,
      "invokedMethods": [{
        "method": "f_color__org_dominokit_samples_Project_",
        "enclosingType": "org.dominokit.samples.Project"
      }],
      "startPosition": {
        "line": 79,
        "column": 2
      },
      "endPosition": {
        "line": 87,
        "column": 2
      }
    }, {
      "name": "m_setColor__java_lang_String",
      "public": true,
      "invokedMethods": [{
        "method": "f_color__org_dominokit_samples_Project_",
        "enclosingType": "org.dominokit.samples.Project"
      }],
      "startPosition": {
        "line": 87,
        "column": 2
      },
      "endPosition": {
        "line": 96,
        "column": 2
      }
    }, {
      "name": "f_name__org_dominokit_samples_Project_"
    }, {
      "name": "f_icon__org_dominokit_samples_Project_"
    }, {
      "name": "f_color__org_dominokit_samples_Project_"
    }, {
      "name": "$clinit",
      "public": true,
      "static": true,
      "invokedMethods": [{
        "method": "$clinit",
        "enclosingType": "org.dominokit.samples.Project",
        "kind": "STATIC"
      }, {
        "method": "$loadModules",
        "enclosingType": "org.dominokit.samples.Project",
        "kind": "STATIC"
      }, {
        "method": "$clinit",
        "enclosingType": "java.lang.Object",
        "kind": "STATIC"
      }],
      "referencedTypes": ["org.dominokit.samples.Project", "java.lang.Object"],
      "startPosition": {
        "line": 96,
        "column": 2
      },
      "endPosition": {
        "line": 107,
        "column": 2
      }
    }],
    "headerSourceFilePath": "org/dominokit/samples/Project.java.js",
    "implSourceFilePath": "org/dominokit/samples/Project.impl.java.js"
  }, {
    "typeId": "org.dominokit.samples.Status",
    "extendsType": "java.lang.Enum",
    "member": [{
      "name": "constructor",
      "public": true,
      "invokedMethods": [{
        "method": "constructor",
        "enclosingType": "java.lang.Enum",
        "kind": "STATIC"
      }],
      "referencedTypes": ["java.lang.Enum"],
      "startPosition": {
        "line": 21,
        "column": 2
      },
      "endPosition": {
        "line": 28,
        "column": 2
      }
    }, {
      "name": "$create__java_lang_String__int",
      "public": true,
      "static": true,
      "invokedMethods": [{
        "method": "constructor",
        "enclosingType": "org.dominokit.samples.Status",
        "kind": "INSTANTIATION"
      }, {
        "method": "$ctor__org_dominokit_samples_Status__java_lang_String__int",
        "enclosingType": "org.dominokit.samples.Status"
      }],
      "referencedTypes": ["org.dominokit.samples.Status"],
      "startPosition": {
        "line": 28,
        "column": 2
      },
      "endPosition": {
        "line": 40,
        "column": 2
      }
    }, {
      "name": "$ctor__org_dominokit_samples_Status__java_lang_String__int",
      "public": true,
      "invokedMethods": [{
        "method": "f_name__java_lang_Enum_",
        "enclosingType": "java.lang.Enum"
      }, {
        "method": "f_ordinal__java_lang_Enum_",
        "enclosingType": "java.lang.Enum"
      }, {
        "method": "$ctor__java_lang_Enum__java_lang_String__int",
        "enclosingType": "java.lang.Enum"
      }],
      "startPosition": {
        "line": 40,
        "column": 2
      },
      "endPosition": {
        "line": 52,
        "column": 2
      }
    }, {
      "name": "m_valueOf__java_lang_String",
      "public": true,
      "static": true,
      "invokedMethods": [{
        "method": "$clinit",
        "enclosingType": "org.dominokit.samples.Status",
        "kind": "STATIC"
      }, {
        "method": "$f_namesToValuesMap__org_dominokit_samples_Status_",
        "enclosingType": "org.dominokit.samples.Status",
        "kind": "STATIC"
      }, {
        "method": "$same",
        "enclosingType": "nativebootstrap.Equality",
        "kind": "STATIC"
      }, {
        "method": "m_values__",
        "enclosingType": "org.dominokit.samples.Status",
        "kind": "STATIC"
      }, {
        "method": "createMapFromValues",
        "enclosingType": "vmbootstrap.Enums",
        "kind": "STATIC"
      }, {
        "method": "getValueFromNameAndMap",
        "enclosingType": "vmbootstrap.Enums",
        "kind": "STATIC"
      }],
      "referencedTypes": ["org.dominokit.samples.Status", "nativebootstrap.Equality", "vmbootstrap.Enums"],
      "startPosition": {
        "line": 52,
        "column": 2
      },
      "endPosition": {
        "line": 65,
        "column": 2
      }
    }, {
      "name": "m_values__",
      "public": true,
      "static": true,
      "invokedMethods": [{
        "method": "$clinit",
        "enclosingType": "org.dominokit.samples.Status",
        "kind": "STATIC"
      }, {
        "method": "$f_ACTIVE__org_dominokit_samples_Status",
        "enclosingType": "org.dominokit.samples.Status",
        "kind": "STATIC"
      }, {
        "method": "$f_COMPLETED__org_dominokit_samples_Status",
        "enclosingType": "org.dominokit.samples.Status",
        "kind": "STATIC"
      }, {
        "method": "$init",
        "enclosingType": "vmbootstrap.Arrays",
        "kind": "STATIC"
      }],
      "referencedTypes": ["org.dominokit.samples.Status", "vmbootstrap.Arrays"],
      "startPosition": {
        "line": 65,
        "column": 2
      },
      "endPosition": {
        "line": 74,
        "column": 2
      }
    }, {
      "name": "m_compareTo__java_lang_Object",
      "public": true,
      "invokedMethods": [{
        "method": "$to",
        "enclosingType": "vmbootstrap.Casts",
        "kind": "STATIC"
      }, {
        "method": "compareTo",
        "enclosingType": "java.lang.Enum",
        "kind": "STATIC"
      }],
      "referencedTypes": ["vmbootstrap.Casts", "org.dominokit.samples.Status"],
      "startPosition": {
        "line": 74,
        "column": 2
      },
      "endPosition": {
        "line": 85,
        "column": 2
      }
    }, {
      "name": "$f_ACTIVE__org_dominokit_samples_Status",
      "public": true,
      "static": true,
      "startPosition": {
        "line": 184
      },
      "endPosition": {
        "line": 188
      }
    }, {
      "name": "$f_COMPLETED__org_dominokit_samples_Status",
      "public": true,
      "static": true,
      "startPosition": {
        "line": 188
      },
      "endPosition": {
        "line": 192
      }
    }, {
      "name": "$f_namesToValuesMap__org_dominokit_samples_Status_",
      "static": true,
      "startPosition": {
        "line": 192
      },
      "endPosition": {
        "line": 196
      }
    }, {
      "name": "$ordinal$f_ACTIVE__org_dominokit_samples_Status",
      "public": true,
      "static": true,
      "startPosition": {
        "line": 196
      },
      "endPosition": {
        "line": 200
      }
    }, {
      "name": "$ordinal$f_COMPLETED__org_dominokit_samples_Status",
      "public": true,
      "static": true,
      "startPosition": {
        "line": 200
      },
      "endPosition": {
        "line": 204
      }
    }, {
      "name": "f_ACTIVE__org_dominokit_samples_Status",
      "public": true,
      "static": true,
      "invokedMethods": [{
        "method": "$clinit",
        "enclosingType": "org.dominokit.samples.Status",
        "kind": "STATIC"
      }, {
        "method": "$f_ACTIVE__org_dominokit_samples_Status",
        "enclosingType": "org.dominokit.samples.Status",
        "kind": "STATIC"
      }],
      "referencedTypes": ["org.dominokit.samples.Status"],
      "startPosition": {
        "line": 93,
        "column": 2
      },
      "endPosition": {
        "line": 102,
        "column": 2
      }
    }, {
      "name": "f_COMPLETED__org_dominokit_samples_Status",
      "public": true,
      "static": true,
      "invokedMethods": [{
        "method": "$clinit",
        "enclosingType": "org.dominokit.samples.Status",
        "kind": "STATIC"
      }, {
        "method": "$f_COMPLETED__org_dominokit_samples_Status",
        "enclosingType": "org.dominokit.samples.Status",
        "kind": "STATIC"
      }],
      "referencedTypes": ["org.dominokit.samples.Status"],
      "startPosition": {
        "line": 110,
        "column": 2
      },
      "endPosition": {
        "line": 119,
        "column": 2
      }
    }, {
      "name": "f_namesToValuesMap__org_dominokit_samples_Status_",
      "static": true,
      "invokedMethods": [{
        "method": "$clinit",
        "enclosingType": "org.dominokit.samples.Status",
        "kind": "STATIC"
      }, {
        "method": "$f_namesToValuesMap__org_dominokit_samples_Status_",
        "enclosingType": "org.dominokit.samples.Status",
        "kind": "STATIC"
      }],
      "referencedTypes": ["org.dominokit.samples.Status"],
      "startPosition": {
        "line": 127,
        "column": 2
      },
      "endPosition": {
        "line": 136,
        "column": 2
      }
    }, {
      "name": "$clinit",
      "public": true,
      "static": true,
      "invokedMethods": [{
        "method": "$clinit",
        "enclosingType": "org.dominokit.samples.Status",
        "kind": "STATIC"
      }, {
        "method": "$loadModules",
        "enclosingType": "org.dominokit.samples.Status",
        "kind": "STATIC"
      }, {
        "method": "$clinit",
        "enclosingType": "java.lang.Enum",
        "kind": "STATIC"
      }, {
        "method": "$f_ACTIVE__org_dominokit_samples_Status",
        "enclosingType": "org.dominokit.samples.Status",
        "kind": "STATIC"
      }, {
        "method": "$makeEnumName",
        "enclosingType": "nativebootstrap.Util",
        "kind": "STATIC"
      }, {
        "method": "$ordinal$f_ACTIVE__org_dominokit_samples_Status",
        "enclosingType": "org.dominokit.samples.Status",
        "kind": "STATIC"
      }, {
        "method": "$create__java_lang_String__int",
        "enclosingType": "org.dominokit.samples.Status",
        "kind": "STATIC"
      }, {
        "method": "$f_COMPLETED__org_dominokit_samples_Status",
        "enclosingType": "org.dominokit.samples.Status",
        "kind": "STATIC"
      }, {
        "method": "$ordinal$f_COMPLETED__org_dominokit_samples_Status",
        "enclosingType": "org.dominokit.samples.Status",
        "kind": "STATIC"
      }, {
        "method": "$f_namesToValuesMap__org_dominokit_samples_Status_",
        "enclosingType": "org.dominokit.samples.Status",
        "kind": "STATIC"
      }],
      "referencedTypes": ["org.dominokit.samples.Status", "java.lang.Enum", "nativebootstrap.Util"],
      "startPosition": {
        "line": 136,
        "column": 2
      },
      "endPosition": {
        "line": 150,
        "column": 2
      }
    }],
    "headerSourceFilePath": "org/dominokit/samples/Status.java.js",
    "implSourceFilePath": "org/dominokit/samples/Status.impl.java.js"
  }, {
    "typeId": "org.dominokit.samples.Task",
    "extendsType": "java.lang.Object",
    "member": [{
      "name": "constructor",
      "public": true,
      "invokedMethods": [{
        "method": "constructor",
        "enclosingType": "java.lang.Object",
        "kind": "STATIC"
      }, {
        "method": "f_title__org_dominokit_samples_Task_",
        "enclosingType": "org.dominokit.samples.Task"
      }, {
        "method": "f_description__org_dominokit_samples_Task_",
        "enclosingType": "org.dominokit.samples.Task"
      }, {
        "method": "f_priority__org_dominokit_samples_Task_",
        "enclosingType": "org.dominokit.samples.Task"
      }, {
        "method": "f_dueDate__org_dominokit_samples_Task_",
        "enclosingType": "org.dominokit.samples.Task"
      }, {
        "method": "f_tags__org_dominokit_samples_Task_",
        "enclosingType": "org.dominokit.samples.Task"
      }, {
        "method": "f_status__org_dominokit_samples_Task_",
        "enclosingType": "org.dominokit.samples.Task"
      }, {
        "method": "f_project__org_dominokit_samples_Task_",
        "enclosingType": "org.dominokit.samples.Task"
      }, {
        "method": "f_attachments__org_dominokit_samples_Task_",
        "enclosingType": "org.dominokit.samples.Task"
      }],
      "referencedTypes": ["java.lang.Object"],
      "startPosition": {
        "line": 21,
        "column": 2
      },
      "endPosition": {
        "line": 44,
        "column": 2
      }
    }, {
      "name": "$create__",
      "public": true,
      "static": true,
      "invokedMethods": [{
        "method": "$clinit",
        "enclosingType": "org.dominokit.samples.Task",
        "kind": "STATIC"
      }, {
        "method": "constructor",
        "enclosingType": "org.dominokit.samples.Task",
        "kind": "INSTANTIATION"
      }, {
        "method": "$ctor__org_dominokit_samples_Task__",
        "enclosingType": "org.dominokit.samples.Task"
      }],
      "referencedTypes": ["org.dominokit.samples.Task"],
      "startPosition": {
        "line": 44,
        "column": 2
      },
      "endPosition": {
        "line": 55,
        "column": 2
      }
    }, {
      "name": "$ctor__org_dominokit_samples_Task__",
      "public": true,
      "invokedMethods": [{
        "method": "$ctor__java_lang_Object__",
        "enclosingType": "java.lang.Object"
      }, {
        "method": "$init__org_dominokit_samples_Task",
        "enclosingType": "org.dominokit.samples.Task"
      }],
      "startPosition": {
        "line": 55,
        "column": 2
      },
      "endPosition": {
        "line": 64,
        "column": 2
      }
    }, {
      "name": "m_getTitle__",
      "public": true,
      "invokedMethods": [{
        "method": "f_title__org_dominokit_samples_Task_",
        "enclosingType": "org.dominokit.samples.Task"
      }],
      "startPosition": {
        "line": 64,
        "column": 2
      },
      "endPosition": {
        "line": 72,
        "column": 2
      }
    }, {
      "name": "m_setTitle__java_lang_String",
      "public": true,
      "invokedMethods": [{
        "method": "f_title__org_dominokit_samples_Task_",
        "enclosingType": "org.dominokit.samples.Task"
      }],
      "startPosition": {
        "line": 72,
        "column": 2
      },
      "endPosition": {
        "line": 81,
        "column": 2
      }
    }, {
      "name": "m_getDescription__",
      "public": true,
      "invokedMethods": [{
        "method": "f_description__org_dominokit_samples_Task_",
        "enclosingType": "org.dominokit.samples.Task"
      }],
      "startPosition": {
        "line": 81,
        "column": 2
      },
      "endPosition": {
        "line": 89,
        "column": 2
      }
    }, {
      "name": "m_setDescription__java_lang_String",
      "public": true,
      "invokedMethods": [{
        "method": "f_description__org_dominokit_samples_Task_",
        "enclosingType": "org.dominokit.samples.Task"
      }],
      "startPosition": {
        "line": 89,
        "column": 2
      },
      "endPosition": {
        "line": 98,
        "column": 2
      }
    }, {
      "name": "m_getPriority__",
      "public": true,
      "invokedMethods": [{
        "method": "f_priority__org_dominokit_samples_Task_",
        "enclosingType": "org.dominokit.samples.Task"
      }],
      "startPosition": {
        "line": 98,
        "column": 2
      },
      "endPosition": {
        "line": 106,
        "column": 2
      }
    }, {
      "name": "m_setPriority__org_dominokit_samples_Priority",
      "public": true,
      "invokedMethods": [{
        "method": "f_priority__org_dominokit_samples_Task_",
        "enclosingType": "org.dominokit.samples.Task"
      }],
      "startPosition": {
        "line": 106,
        "column": 2
      },
      "endPosition": {
        "line": 115,
        "column": 2
      }
    }, {
      "name": "m_getDueDate__",
      "public": true,
      "invokedMethods": [{
        "method": "f_dueDate__org_dominokit_samples_Task_",
        "enclosingType": "org.dominokit.samples.Task"
      }],
      "startPosition": {
        "line": 115,
        "column": 2
      },
      "endPosition": {
        "line": 123,
        "column": 2
      }
    }, {
      "name": "m_setDueDate__java_util_Date",
      "public": true,
      "invokedMethods": [{
        "method": "f_dueDate__org_dominokit_samples_Task_",
        "enclosingType": "org.dominokit.samples.Task"
      }],
      "startPosition": {
        "line": 123,
        "column": 2
      },
      "endPosition": {
        "line": 132,
        "column": 2
      }
    }, {
      "name": "m_getTags__",
      "public": true,
      "invokedMethods": [{
        "method": "f_tags__org_dominokit_samples_Task_",
        "enclosingType": "org.dominokit.samples.Task"
      }],
      "startPosition": {
        "line": 132,
        "column": 2
      },
      "endPosition": {
        "line": 140,
        "column": 2
      }
    }, {
      "name": "m_setTags__java_util_List",
      "public": true,
      "invokedMethods": [{
        "method": "f_tags__org_dominokit_samples_Task_",
        "enclosingType": "org.dominokit.samples.Task"
      }],
      "startPosition": {
        "line": 140,
        "column": 2
      },
      "endPosition": {
        "line": 149,
        "column": 2
      }
    }, {
      "name": "m_getStatus__",
      "public": true,
      "invokedMethods": [{
        "method": "f_status__org_dominokit_samples_Task_",
        "enclosingType": "org.dominokit.samples.Task"
      }],
      "startPosition": {
        "line": 149,
        "column": 2
      },
      "endPosition": {
        "line": 157,
        "column": 2
      }
    }, {
      "name": "m_setStatus__org_dominokit_samples_Status",
      "public": true,
      "invokedMethods": [{
        "method": "f_status__org_dominokit_samples_Task_",
        "enclosingType": "org.dominokit.samples.Task"
      }],
      "startPosition": {
        "line": 157,
        "column": 2
      },
      "endPosition": {
        "line": 166,
        "column": 2
      }
    }, {
      "name": "m_getProject__",
      "public": true,
      "invokedMethods": [{
        "method": "f_project__org_dominokit_samples_Task_",
        "enclosingType": "org.dominokit.samples.Task"
      }],
      "startPosition": {
        "line": 166,
        "column": 2
      },
      "endPosition": {
        "line": 174,
        "column": 2
      }
    }, {
      "name": "m_setProject__org_dominokit_samples_Project",
      "public": true,
      "invokedMethods": [{
        "method": "f_project__org_dominokit_samples_Task_",
        "enclosingType": "org.dominokit.samples.Task"
      }],
      "startPosition": {
        "line": 174,
        "column": 2
      },
      "endPosition": {
        "line": 183,
        "column": 2
      }
    }, {
      "name": "m_getAttachments__",
      "public": true,
      "invokedMethods": [{
        "method": "f_attachments__org_dominokit_samples_Task_",
        "enclosingType": "org.dominokit.samples.Task"
      }],
      "startPosition": {
        "line": 183,
        "column": 2
      },
      "endPosition": {
        "line": 191,
        "column": 2
      }
    }, {
      "name": "m_setAttachments__java_util_List",
      "public": true,
      "invokedMethods": [{
        "method": "f_attachments__org_dominokit_samples_Task_",
        "enclosingType": "org.dominokit.samples.Task"
      }],
      "startPosition": {
        "line": 191,
        "column": 2
      },
      "endPosition": {
        "line": 200,
        "column": 2
      }
    }, {
      "name": "m_isActive__",
      "public": true,
      "invokedMethods": [{
        "method": "f_ACTIVE__org_dominokit_samples_Status",
        "enclosingType": "org.dominokit.samples.Status",
        "kind": "STATIC"
      }, {
        "method": "m_getStatus__",
        "enclosingType": "org.dominokit.samples.Task"
      }, {
        "method": "m_equals__java_lang_Object__java_lang_Object",
        "enclosingType": "vmbootstrap.Objects",
        "kind": "STATIC"
      }],
      "referencedTypes": ["vmbootstrap.Objects", "org.dominokit.samples.Status"],
      "startPosition": {
        "line": 200,
        "column": 2
      },
      "endPosition": {
        "line": 208,
        "column": 2
      }
    }, {
      "name": "f_title__org_dominokit_samples_Task_"
    }, {
      "name": "f_description__org_dominokit_samples_Task_"
    }, {
      "name": "f_priority__org_dominokit_samples_Task_"
    }, {
      "name": "f_dueDate__org_dominokit_samples_Task_"
    }, {
      "name": "f_tags__org_dominokit_samples_Task_"
    }, {
      "name": "f_status__org_dominokit_samples_Task_"
    }, {
      "name": "f_project__org_dominokit_samples_Task_"
    }, {
      "name": "f_attachments__org_dominokit_samples_Task_"
    }, {
      "name": "$init__org_dominokit_samples_Task",
      "jsAccessible": true,
      "invokedMethods": [{
        "method": "f_tags__org_dominokit_samples_Task_",
        "enclosingType": "org.dominokit.samples.Task"
      }, {
        "method": "$create__",
        "enclosingType": "java.util.ArrayList",
        "kind": "STATIC"
      }, {
        "method": "f_status__org_dominokit_samples_Task_",
        "enclosingType": "org.dominokit.samples.Task"
      }, {
        "method": "f_ACTIVE__org_dominokit_samples_Status",
        "enclosingType": "org.dominokit.samples.Status",
        "kind": "STATIC"
      }, {
        "method": "f_attachments__org_dominokit_samples_Task_",
        "enclosingType": "org.dominokit.samples.Task"
      }],
      "referencedTypes": ["java.util.ArrayList", "org.dominokit.samples.Status"],
      "startPosition": {
        "line": 208,
        "column": 2
      },
      "endPosition": {
        "line": 218,
        "column": 2
      }
    }, {
      "name": "$clinit",
      "public": true,
      "static": true,
      "invokedMethods": [{
        "method": "$clinit",
        "enclosingType": "org.dominokit.samples.Task",
        "kind": "STATIC"
      }, {
        "method": "$loadModules",
        "enclosingType": "org.dominokit.samples.Task",
        "kind": "STATIC"
      }, {
        "method": "$clinit",
        "enclosingType": "java.lang.Object",
        "kind": "STATIC"
      }],
      "referencedTypes": ["org.dominokit.samples.Task", "java.lang.Object"],
      "startPosition": {
        "line": 218,
        "column": 2
      },
      "endPosition": {
        "line": 229,
        "column": 2
      }
    }],
    "headerSourceFilePath": "org/dominokit/samples/Task.java.js",
    "implSourceFilePath": "org/dominokit/samples/Task.impl.java.js"
  }]
}